source,market_id,player_name,match_name,match_key,match_start_time,status,label,would_have_worked,n_pre_snapshots,pre_span_minutes,best_wave_pp,entry_time,entry_lead_minutes,entry_prob,peak_prob,peak_time,peak_lead_minutes,move_at_start_pp,max_dip_after_entry_pp,entry_spread,entry_volume,entry_velocity5_pp,entry_band,max_prematch_watch_score,n_prematch_score_rows,alerted_prematch,first_prematch_alert_type,first_prematch_alert_at,alerted_any
polymarket,0xe0fe6efd76b184cc6d7dc28e4a2b155bd4d09fc83cb6cd7f58b81f4b71e716e6,Caty McNally,Libema Open: Caty McNally vs Solana Sierra,caty mcnally|solana sierra,2026-06-12T09:00:00,completed,wave_5pp,1,58,1646.2,55.5,2026-06-10T17:01:56.304754,2398.1,0.32,0.875,2026-06-11T18:14:36.026889,885.4,54.5,0.0,0.64,11.054051000000001,,30-60%,44.0,21,0,,,0
polymarket,0xa0cb2c5087cd6ac76edb0a7d06d536619c4d41bfbdd6fddcd804e23eb8fd8e79,Daniil Medvedev,Libema Open: Daniil Medvedev vs Thijs Boogaard,daniil medvedev|thijs boogaard,2026-06-12T11:05:00,completed,wave_5pp,1,58,1646.2,41.5,2026-06-10T17:01:56.304754,2523.1,0.53,0.945,2026-06-11T17:46:05.752424,1038.9,34.5,0.0,0.78,,,30-60%,52.0,22,0,,,0
polymarket,0x801a0f8f4c1efb838604ea856489b3245c1b425a7f558b8fe6a375122a7a9049,Nuno Borges,Libema Open: Nuno Borges vs Marin Cilic,marin cilic|nuno borges,2026-06-12T11:40:00,completed,wave_5pp,1,58,1646.2,38.5,2026-06-11T16:57:09.548756,1122.8,0.45,0.835,2026-06-11T17:51:27.709546,1068.5,36.5,0.0,0.02,190815.62018899963,-3.5,30-60%,48.0,20,0,,,0
polymarket,0x90b41511e210234c0e5f1d4baaf6510033813df4e698347ce850d1dcdbff9c10,Jesper de Jong,Cattolica: Jesper de Jong vs Marco Cecchinato,jesper de jong|marco cecchinato,2026-06-12T08:00:00,completed,wave_5pp,1,19,90.4,35.0,2026-06-11T19:03:14.091888,776.8,0.31,0.66,2026-06-11T20:28:08.262637,691.9,35.0,0.0,0.62,3.0,,30-60%,36.0,6,0,,,0
polymarket,0x7c9e26ce46cb08ce17deb65171ebc9cc11222abcf85388e8b8f8f49e45866915,Anastasia Tikhonova,ITF Hurghada: Anastasia Tikhonova vs Sandra Samir,anastasia tikhonova|sandra samir,2026-06-12T08:00:00,completed,wave_5pp,1,19,90.4,33.5,2026-06-11T18:57:45.932643,782.2,0.5,0.835,2026-06-11T19:23:31.552909,756.5,22.5,0.0,0.98,,,30-60%,37.0,1,0,,,0
polymarket,0x4363164b5322d6a8b4c5d24d1eff47b64cb08c68385a2b7cb2441481f88c08c1,Ajla Tomljanovic,Libema Open: Ajla Tomljanovic vs Dayana Yastremska,ajla tomljanovic|dayana yastremska,2026-06-12T11:40:00,completed,wave_5pp,1,58,1646.2,27.0,2026-06-11T17:35:24.233284,1084.6,0.235,0.505,2026-06-11T18:04:03.063475,1055.9,11.0,0.0,0.01,192546.2448579998,-12.0,12-30%,46.0,21,1,FAVORITE_RECOVERY,2026-06-11T19:45:01.504786,1
polymarket,0xd37a15c453cab415e828d3a1eb314563b2439812abc6321167fe95ec7fd2e99c,Dusan Lajovic,Cattolica: Dusan Lajovic vs Oriol Roca Batalla,dusan lajovic|oriol roca batalla,2026-06-12T11:15:00,completed,wave_5pp,1,58,1646.2,26.5,2026-06-11T20:13:35.708073,901.4,0.385,0.65,2026-06-11T20:28:08.262637,886.9,26.5,0.0,0.01,62103.309412999995,-2.5,30-60%,46.0,16,0,,,0
polymarket,0x5750f841127c436c9eec133444f17327b89c7979097755d67d94939b5ceaf5ce,Uisung Park,ITF Maanshan: Uisung Park vs Chan-Yeong Oh,chan yeong oh|uisung park,2026-06-12T02:00:00,completed,wave_5pp,1,19,90.4,23.0,2026-06-11T18:57:45.932643,422.2,0.5,0.73,2026-06-11T19:03:14.091888,416.8,22.5,0.0,1.0,,,30-60%,20.0,1,0,,,0
polymarket,0x7d71799c90611c85ae657ae7006116ec0a2dbd793080bd4f746aa1d33be0e850,Tatiana Prozorova,Ilkley: Tatiana Prozorova vs Sinja Kraus,sinja kraus|tatiana prozorova,2026-06-12T11:30:00,completed,wave_5pp,1,58,1646.2,19.0,2026-06-10T17:01:56.304754,2548.1,0.555,0.745,2026-06-11T19:54:32.749213,935.5,3.5,0.0,0.01,28181.243163,,30-60%,52.0,13,0,,,0
polymarket,0xca830373b8d1f6bd818c4613fec58f57fe665e41650896509ae6649268786573,Zdenek Kolar,Bratislava: Zdenek Kolar vs Federico Cina,federico cina|zdenek kolar,2026-06-12T12:00:00,completed,wave_5pp,1,59,1646.2,16.5,2026-06-10T17:01:56.304754,2578.1,0.22,0.385,2026-06-10T17:58:42.452716,2521.3,14.0,0.0,0.4,,,12-30%,44.0,6,0,,,0
polymarket,0xb80f740a91c99363888e6abed8f448139873155780a34f75e0116212a4c3f9ac,Marie Bouzkova,HSBC Championships: Marie Bouzkova vs Donna Vekic,donna vekic|marie bouzkova,2026-06-12T10:00:00,completed,wave_5pp,1,58,1646.2,14.5,2026-06-10T17:58:42.452716,2401.3,0.385,0.53,2026-06-11T18:46:25.722845,913.6,13.0,0.0,0.03,111392.26579999995,-18.0,30-60%,39.0,19,0,,,0
polymarket,0xe348566269d694d00fef6060f3000876501ec21bb7f547897ff070d808802f91,Hikaru Shiraishi,ITF Tokyo: Hikaru Shiraishi vs Kosuke Ogura,hikaru shiraishi|kosuke ogura,2026-06-12T01:00:00,completed,wave_5pp,1,19,90.4,14.5,2026-06-11T18:57:45.932643,362.2,0.5,0.645,2026-06-11T19:23:31.552909,336.5,13.5,0.0,1.0,,,30-60%,38.0,3,0,,,0
polymarket,0x4f5219b954e38a6638ec9984d0bfa9cbce4162fb63e2f0e783238b78d47681ab,Naoya Honda,ITF Tokyo: Naoya Honda vs Taisei Ichikawa,naoya honda|taisei ichikawa,2026-06-12T02:30:00,completed,wave_5pp,1,19,90.4,13.0,2026-06-11T18:57:45.932643,452.2,0.5,0.63,2026-06-11T19:03:14.091888,446.8,13.0,0.0,1.0,,,30-60%,21.0,1,0,,,0
polymarket,0xe472a7cc20393d2368e29dc284f6ea91e3f409223221f1cb856e50692d5d6b17,Zeynep Sonmez,Libema Open: Zeynep Sonmez vs Magda Linette,magda linette|zeynep sonmez,2026-06-12T12:55:00,completed,wave_5pp,1,22,1071.5,9.0,2026-06-11T19:03:14.091888,1071.8,0.435,0.525,2026-06-12T12:20:50.789996,34.2,9.0,0.0,0.03,,,30-60%,46.0,13,0,,,0
polymarket,0x1769153f7c598d176baea3e536d4f52e565adcc7837a61f542673abde7a69ec5,Marcel Latak,ITF Los Angeles: Marcel Latak vs Nathan Trouve,marcel latak|nathan trouve,2026-06-11T20:00:00,completed,wave_5pp,1,37,199.1,6.5,2026-06-11T16:40:10.080527,199.8,0.215,0.28,2026-06-11T17:08:10.194508,171.8,6.0,0.0,0.17,552.234133,,12-30%,44.0,26,0,,,0
polymarket,0x6c34dec7c493ecd174ec4a6c0c525fbbaa189d83a78e11595f68732eae6d81e5,Dominika Salkova,Modena: Dominika Salkova vs Katarzyna Kawa,dominika salkova|katarzyna kawa,2026-06-12T11:00:00,completed,wave_5pp,1,43,228.0,6.5,2026-06-11T17:24:50.520174,1055.2,0.54,0.605,2026-06-11T18:35:22.897461,984.6,-0.5,0.0,0.06,280.76281,-0.5,30-60%,40.0,4,0,,,0
polymarket,0x702d0a1f566dfe94cd8173039eb8340bff3f43dc3b0fc3df292e939c0002f46b,Sahaja Yamalapalli,ITF Decatur: Sahaja Yamalapalli vs Dasha Plekhanova,dasha plekhanova|sahaja yamalapalli,2026-06-11T21:15:00,completed,wave_5pp,1,43,228.0,6.0,2026-06-11T16:45:52.080821,269.1,0.505,0.565,2026-06-11T18:46:25.722845,148.6,6.0,0.0,0.01,,,30-60%,49.0,7,0,,,0
polymarket,0xb0532d22cc484d9bd69ebd7e2be9fd406a83b87674c79de909d462a50063895e,Dali Blanch,Lyon: Dali Blanch vs David Jorda Sanchis,dali blanch|david jorda sanchis,2026-06-12T08:30:00,completed,wave_5pp,1,19,90.4,6.0,2026-06-11T18:57:45.932643,812.2,0.5,0.56,2026-06-11T20:28:08.262637,721.9,6.0,0.0,1.0,,,30-60%,40.0,1,0,,,0
polymarket,0xd9a1299b2f68fd27c89b48ced35dcffede75c3fea749cc8be26645d60918c7c8,Harriet Dart,HSBC Championships: Harriet Dart vs Kamilla Rakhimova,harriet dart|kamilla rakhimova,2026-06-12T11:30:00,completed,wave_5pp,1,58,1646.2,5.5,2026-06-10T17:01:56.304754,2548.1,0.5,0.555,2026-06-11T17:08:10.194508,1101.8,4.5,0.0,1.0,,,30-60%,39.0,14,0,,,0
polymarket,0xe51a406951afcfa9c327e3e126d00f13b2f2978a185dd0b18ff440c7ba228604,Sonja Zhiyenbayeva,ITF Wuning: Sonja Zhiyenbayeva vs Yujia Huang,sonja zhiyenbayeva|yujia huang,2026-06-12T04:15:00,completed,wave_3pp,1,19,90.4,4.5,2026-06-11T19:03:14.091888,551.8,0.46,0.505,2026-06-11T20:13:35.708073,481.4,4.5,0.0,0.02,,,30-60%,46.0,3,0,,,0
polymarket,0x5527c016293ea8dede3e844b180ae3f9a622454f337a27e6476e67cd0b5b1c28,Guido Justo,Tucuman: Guido Justo vs Hernan Casanova,guido justo|hernan casanova,2026-06-11T15:30:00,completed,wave_3pp,1,14,56.8,3.5,2026-06-10T17:01:56.304754,1348.1,0.32,0.355,2026-06-10T17:35:04.113384,1314.9,3.5,0.0,0.64,,,30-60%,30.0,2,0,,,0
polymarket,0x7675d8d58b626a4b40e2b044bf60e9cb90d72f68298913914485097f314f092e,Santiago Rodriguez Taverna,Tucuman: Santiago Rodriguez Taverna vs Luciano Emanuel Ambrogi,luciano emanuel ambrogi|santiago rodriguez taverna,2026-06-11T16:30:00,completed,wave_3pp,1,14,56.8,3.5,2026-06-10T17:01:56.304754,1408.1,0.345,0.38,2026-06-10T17:32:25.431835,1377.6,3.0,0.0,0.03,26.713332,,30-60%,,0,0,,,0
polymarket,0x04d9b03c019008807df17c1c5c788cfcd4740d47d2cd91917038aa74b98b379e,Benjamin Bonzi,Libema Open: Benjamin Bonzi vs Alex de Minaur,alex de minaur|benjamin bonzi,2026-06-12T13:05:00,completed,wave_3pp,1,23,1077.0,3.0,2026-06-11T19:03:14.091888,1081.8,0.185,0.215,2026-06-11T19:54:32.749213,1030.5,3.0,0.0,0.05,43.73,,12-30%,64.0,22,0,,,0
polymarket,0x465f512a6d79c9e16c83264f011b045d0e5e8c66b6f12567f752e42da40c965e,Daniel Galan,Lyon: Daniel Galan vs Kimmer Coppejans,daniel galan|kimmer coppejans,2026-06-12T13:45:00,completed,small_move,0,27,1118.5,3.0,2026-06-11T19:03:14.091888,1121.8,0.45,0.48,2026-06-12T13:36:15.807435,8.7,3.0,0.0,0.12,,,30-60%,43.0,4,0,,,0
polymarket,0x570b54e2d818b4ad877bb45e7b70c7c65bd6c5f7278ce3ad379cbbba855a667c,Giovanni Mpetshi Perricard,Stuttgart Open: Giovanni Mpetshi Perricard vs Alexander Bublik,alexander bublik|giovanni mpetshi perricard,2026-06-12T13:45:00,completed,wave_3pp,1,51,1256.1,3.0,2026-06-11T16:40:10.080527,1264.8,0.345,0.375,2026-06-12T12:20:50.789996,84.2,2.0,0.0,0.01,5473.858301000001,,30-60%,42.0,10,0,,,0
polymarket,0x5e85a440e5c1c2b7b59b8b2f6fed028c6e324d805ad04ad9c9deb30b4630e945,Elena Rybakina,HSBC Championships: Elena Rybakina vs Tatjana Maria,elena rybakina|tatjana maria,2026-06-12T10:00:00,completed,small_move,0,58,1646.2,3.0,2026-06-10T17:01:56.304754,2458.1,0.805,0.835,2026-06-11T19:54:32.749213,845.5,2.0,0.0,0.01,23146.340405999992,,60%+,44.0,13,0,,,0
polymarket,0x6444660055c24faab26a0b492e238c5415ceb22e5a8cc8f7f2a90452cc0afbf3,Lulu Sun,Ilkley: Lulu Sun vs Mary Stoiana,lulu sun|mary stoiana,2026-06-12T11:30:00,completed,small_move,0,58,1646.2,2.5,2026-06-11T20:04:04.005983,925.9,0.2,0.225,2026-06-11T20:23:14.585589,906.8,2.5,0.0,0.02,38764.54444400001,-35.5,12-30%,68.0,18,0,,,0
polymarket,0xf99a4faa3ee2f8cebc1eca499e2d798721c7f85be84bf1e472cc2f8a76e6940c,Enrico Dalla Valle,Cattolica: Enrico Dalla Valle vs Carlos Sanchez Jover,carlos sanchez jover|enrico dalla valle,2026-06-11T14:00:00,completed,small_move,0,12,56.8,2.5,2026-06-10T17:01:56.304754,1258.1,0.565,0.59,2026-06-10T17:35:04.113384,1224.9,2.5,0.0,0.03,,,30-60%,,0,0,,,0
polymarket,0x6290945bbf313204176aa1fb5cc708610930a5d99a6b2a53484f4f231b55002d,Andrew Johnson,ITF Los Angeles: Andrew Johnson vs Lucca Liu,andrew johnson|lucca liu,2026-06-11T20:00:00,completed,small_move,0,37,199.1,2.0,2026-06-11T16:40:10.080527,199.8,0.62,0.64,2026-06-11T19:23:31.552909,36.5,1.0,0.0,0.02,,,60%+,43.0,5,0,,,0
polymarket,0x6bdc379c907a792a4d72d5d482e4af37e23cfb155b0f7789f936ca58f52a3fa4,Tristan Boyer,Lyon: Tristan Boyer vs Nikolas Sanchez Izquierdo,nikolas sanchez izquierdo|tristan boyer,2026-06-12T10:40:00,completed,small_move,0,43,228.0,2.0,2026-06-11T19:18:36.820232,921.4,0.495,0.515,2026-06-11T20:13:35.708073,866.4,2.0,0.0,0.05,,-2.0,30-60%,20.0,1,0,,,0
polymarket,0x71e292224e89164446c8d09d5017ce32703a845fc42d8b65163e811c811a4616,Thomas Faurel,Lyon: Thomas Faurel vs Clement Tabur,clement tabur|thomas faurel,2026-06-11T15:45:00,completed,small_move,0,14,56.8,2.0,2026-06-10T17:01:56.304754,1363.1,0.355,0.375,2026-06-10T17:35:04.113384,1329.9,1.5,0.0,0.05,110.477609,,30-60%,27.0,2,0,,,0
polymarket,0x8a9a994f26fe406565832cba71c31dae557c358245fb8bb3c4d22353c2fb96cc,Zhizhen Zhang,Libema Open: Zhizhen Zhang vs Adrian Mannarino,adrian mannarino|zhizhen zhang,2026-06-12T09:00:00,completed,small_move,0,19,90.4,2.0,2026-06-11T19:03:14.091888,836.8,0.405,0.425,2026-06-11T19:49:44.119872,790.3,1.0,0.0,0.11,,,30-60%,46.0,4,0,,,0
polymarket,0xf1308ead2907cb337f702bb95418251de6daff58a63c7bfb9f83735be83d8b6b,Ben Shelton,Stuttgart Open: Ben Shelton vs Marcos Giron,ben shelton|marcos giron,2026-06-12T10:50:00,completed,small_move,0,58,1646.2,2.0,2026-06-11T16:40:10.080527,1089.8,0.705,0.725,2026-06-11T19:54:32.749213,895.5,-35.5,0.0,0.01,19766.154804999995,-1.0,60%+,44.0,13,0,,,0
polymarket,0xf189eb0513230801b610d316a52728188e661feb239711f9a16d4f10187958b3,Jake Delaney,ITF Tokyo: Jake Delaney vs Alan Magadan,alan magadan|jake delaney,2026-06-12T01:00:00,completed,small_move,0,18,84.9,2.0,2026-06-11T19:03:14.091888,356.8,0.47,0.49,2026-06-11T19:13:40.460781,346.3,1.5,0.0,0.06,8.440000000000001,,30-60%,27.0,1,0,,,0
polymarket,0x616c9c3dd23ebd0a2670b8d2fa4d2200c55d4503b3816516323491847480eedf,Petr Brunclik,Bratislava: Petr Brunclik vs Vitaliy Sachko,petr brunclik|vitaliy sachko,2026-06-12T11:35:00,completed,small_move,0,59,1646.2,1.5,2026-06-11T16:45:52.080821,1129.1,0.48,0.495,2026-06-11T17:19:14.955236,1095.8,0.5,0.0,0.04,,-2.0,30-60%,23.0,3,0,,,0
polymarket,0x64778a42ab45fba4511b52ba1d35eee2570a3a723f1c74a850f20f96f4ade1ea,Elizabeth Mandlik,Ilkley: Elizabeth Mandlik vs Dalma Galfi,dalma galfi|elizabeth mandlik,2026-06-12T13:20:00,completed,small_move,0,63,2650.3,1.5,2026-06-10T17:35:04.113384,2624.9,0.39,0.405,2026-06-10T17:58:42.452716,2601.3,-12.5,0.0,0.22,,-24.5,30-60%,33.0,33,0,,,0
polymarket,0x6f2a736ea7deaeb2d317475124767fc390c2375c6ca31812023fe7ec55e328a6,Arthur Gea,Ilkley: Arthur Gea vs Mark Lajal,arthur gea|mark lajal,2026-06-12T11:30:00,completed,small_move,0,58,1646.2,1.5,2026-06-11T19:08:31.126437,981.5,0.35,0.365,2026-06-11T20:08:50.009207,921.2,0.0,0.0,0.02,18573.281854999997,-0.5,30-60%,33.0,8,0,,,0
polymarket,0x8fb897d2a0131310ba0723bf76d60c355121e9f953652d6a0cc281b82f358598,Darja Vidmanova,Ilkley: Darja Vidmanova vs Lucrezia Stefanini,darja vidmanova|lucrezia stefanini,2026-06-12T13:40:00,completed,small_move,0,66,2674.3,1.5,2026-06-10T17:01:56.304754,2678.1,0.575,0.59,2026-06-11T16:57:09.548756,1242.8,0.5,0.0,0.03,836.4537049999999,,30-60%,32.0,4,0,,,0
polymarket,0xc4749831234a950bcec0320e576040f45994647e5e6114cd1dbe08107d4a8828,Blake Ellis,ITF Wichita: Blake Ellis vs Sebastian Gorzny,blake ellis|sebastian gorzny,2026-06-11T19:00:00,completed,small_move,0,25,137.6,1.5,2026-06-11T17:24:50.520174,95.2,0.415,0.43,2026-06-11T17:35:24.233284,84.6,-2.0,0.0,0.01,639.8247240000001,-2.5,30-60%,29.0,5,0,,,0
polymarket,0xfed2cd8f1b019853019d8ea706cac93788e0db99ebcd630d4bbf9a39d7cd02cd,Alicia Dudeney,Ilkley: Alicia Dudeney vs Ashlyn Krueger,alicia dudeney|ashlyn krueger,2026-06-12T10:20:00,completed,small_move,0,58,1646.2,1.5,2026-06-10T17:01:56.304754,2478.1,0.2,0.215,2026-06-11T16:40:10.080527,1059.8,1.5,0.0,0.02,6711.260662999999,,12-30%,35.0,30,0,,,0
polymarket,0x07fe22d50f59c7b7c47392a120852900129b96a3018a9feee1b493f8dfade46a,Toby Samuel,Ilkley: Toby Samuel vs August Holmgren,august holmgren|toby samuel,2026-06-12T13:20:00,completed,small_move,0,63,2650.3,1.0,2026-06-11T19:23:31.552909,1076.5,0.59,0.6,2026-06-11T20:18:24.681861,1021.6,1.0,0.0,0.02,4732.478447,-0.5,30-60%,35.0,5,0,,,0
polymarket,0x0a46f7588d40c3dd8b173b6341a74c804c10c705ed9531a2fffc13969428071b,Lucia Bronzetti,Modena: Lucia Bronzetti vs Julia Grabher,julia grabher|lucia bronzetti,2026-06-11T18:40:00,completed,small_move,0,36,1533.4,1.0,2026-06-10T17:01:56.304754,1538.1,0.505,0.515,2026-06-10T17:35:04.113384,1504.9,-2.0,0.0,0.01,34.234113,,30-60%,24.0,2,0,,,0
polymarket,0x30253c5c031786488d05ce1130e335d157d7117c6d8ef52497319cc00d3f1697,Viktoria Morvayova,ITF Hurghada: Viktoria Morvayova vs Martyna Kubka,martyna kubka|viktoria morvayova,2026-06-12T06:30:00,completed,small_move,0,18,84.9,1.0,2026-06-11T19:03:14.091888,686.8,0.49,0.5,2026-06-11T19:44:54.969970,645.1,1.0,0.0,1.0,,,30-60%,21.0,1,0,,,0
polymarket,0x5e6c4b572aa7a26612658ea5fe487901989d86c1224a727177c94aa3bd9757c6,Pino/Dickerson,Tucuman (Doubles): Pino/Dickerson vs Cigarran/Almeida,cigarran almeida|pino dickerson,2026-06-11T18:30:38,completed,small_move,0,20,109.9,1.0,2026-06-11T16:51:39.209986,99.0,0.415,0.425,2026-06-11T16:57:09.548756,93.5,0.0,0.0,0.09,,,30-60%,30.0,1,0,,,0
polymarket,0x6e876aba1e55cbdf424dd50066940ce0bb8a4356f8b4e2535ebb6ce0e10a6ee4,Sorana Cirstea,HSBC Championships: Sorana Cirstea vs Emma Raducanu,emma raducanu|sorana cirstea,2026-06-12T12:40:00,completed,small_move,0,60,2612.4,1.0,2026-06-11T17:13:59.107962,1166.0,0.495,0.505,2026-06-11T17:24:50.520174,1155.2,-1.0,0.0,0.01,131498.5893270001,-1.0,30-60%,42.0,14,0,,,0
polymarket,0x7e88ce5aa9ad9ee5c9bbbfed3eb8141feac4325f983af87e86862a2507fdf73a,Valentina Ryser,ITF Hurghada: Valentina Ryser vs Gabriela Andrea Knutson,gabriela andrea knutson|valentina ryser,2026-06-12T07:30:00,completed,small_move,0,18,84.9,1.0,2026-06-11T19:03:14.091888,746.8,0.49,0.5,2026-06-11T19:44:54.969970,705.1,1.0,0.0,0.98,,,30-60%,21.0,1,0,,,0
polymarket,0x8afcad89e38a6394ab08f818a64d48829b71a900d0df1493ddde85a820e5562a,Gus Grumet,ITF Los Angeles: Gus Grumet vs Tristan Stringer,gus grumet|tristan stringer,2026-06-11T20:00:00,completed,small_move,0,37,199.1,1.0,2026-06-11T16:40:10.080527,199.8,0.325,0.335,2026-06-11T19:44:54.969970,15.1,1.0,0.0,0.01,14.470587,,30-60%,27.0,3,0,,,0
polymarket,0xad685abed28a43559057d213d968fdc89791daf0725cf8f0e2d8e861c1fa0f09,Maxwell Exsted,ITF Los Angeles: Maxwell Exsted vs Theodore Dean,maxwell exsted|theodore dean,2026-06-11T20:00:00,completed,small_move,0,37,199.1,1.0,2026-06-11T16:40:10.080527,199.8,0.54,0.55,2026-06-11T16:57:09.548756,182.8,0.5,0.0,0.02,9.77,,30-60%,29.0,5,0,,,0
polymarket,0xae946b7b58edb1ab5752fb0ccedadc2a0954e8bd4a9be4abc5ead6f406a1f429,Nicolas Kicker,Tucuman: Nicolas Kicker vs Nick Hardt,nick hardt|nicolas kicker,2026-06-11T20:30:00,completed,small_move,0,43,228.0,1.0,2026-06-11T17:19:14.955236,190.8,0.395,0.405,2026-06-11T19:44:54.969970,45.1,1.0,0.0,0.01,872.6625340000003,-0.5,30-60%,33.0,6,0,,,0
polymarket,0xb54668dfca2b0b8e2fe8efdb423256becdd7394773962e136d01dd081dc452fb,Ikumi Yamazaki,ITF Tokyo: Ikumi Yamazaki vs Natsuki Yoshimoto,ikumi yamazaki|natsuki yoshimoto,2026-06-12T01:00:00,completed,small_move,0,19,90.4,1.0,2026-06-11T19:03:14.091888,356.8,0.33,0.34,2026-06-11T20:28:08.262637,271.9,1.0,0.0,0.02,,,30-60%,27.0,1,0,,,0
polymarket,0xcdb65c8e897e0f928e8ca6f9ecded0b37220862bb572aab27fa1751c905f5356,Jaqueline Cristian,HSBC Championships: Jaqueline Cristian vs Katie Boulter,jaqueline cristian|katie boulter,2026-06-12T10:00:00,completed,flat,0,58,1646.2,1.0,2026-06-11T16:40:10.080527,1039.8,0.335,0.345,2026-06-11T17:24:50.520174,995.2,0.0,0.0,0.01,25256.725659000014,-2.0,30-60%,33.0,9,0,,,0
polymarket,0xd133d26d2ce46531a15e564e7641aca719dcc02a320b2f4b4903f3cfc17860e3,Martin Landaluce,Stuttgart Open: Martin Landaluce vs Taylor Fritz,martin landaluce|taylor fritz,2026-06-11T14:35:00,completed,small_move,0,14,56.8,1.0,2026-06-10T17:01:56.304754,1293.1,0.315,0.325,2026-06-10T17:17:08.771367,1277.9,1.0,0.0,0.01,90179.75957899996,,30-60%,28.0,3,0,,,0
polymarket,0x068533e910023fb446a06fd2f62f211410a8254dec379ce74c03fd67be39afaa,Mei Yamaguchi,ITF Wuning: Mei Yamaguchi vs Zongyu Li,mei yamaguchi|zongyu li,2026-06-12T02:00:00,completed,flat,0,19,90.4,0.5,2026-06-11T19:13:40.460781,406.3,0.455,0.46,2026-06-11T19:23:31.552909,396.5,0.5,0.0,0.03,,,30-60%,33.0,3,0,,,0
polymarket,0x15b3da904f785d629e70b6d7478794098eb76e9853b7a67aa56ef0e59791b2aa,Carlos Maria Zarate,Tucuman: Carlos Maria Zarate vs Arklon Del Pino,arklon del pino|carlos maria zarate,2026-06-11T17:40:00,completed,flat,0,11,55.2,0.5,2026-06-11T16:40:10.080527,59.8,0.4,0.405,2026-06-11T16:51:39.209986,48.3,0.5,0.0,0.7,530.618125,,30-60%,20.0,1,0,,,0
polymarket,0x170286adb5da7b36f46db33cf6532ede594dee34ef6a914598c55f1d941b0ddd,Lorenzo Joaquin Rodriguez,Tucuman: Lorenzo Joaquin Rodriguez vs Matheus Pucinelli de Almeida,lorenzo joaquin rodriguez|matheus pucinelli de almeida,2026-06-11T18:15:00,completed,flat,0,31,1512.7,0.5,2026-06-10T17:27:15.522952,1487.7,0.65,0.655,2026-06-10T17:35:04.113384,1479.9,-39.5,0.0,0.58,23.634918,-0.5,60%+,31.0,4,0,,,0
polymarket,0x2220bd0175a705d2dd9f146829923694e6d6829a335150c45316731c3875f5c7,Karl Kazuma Lee,ITF Los Angeles: Karl Kazuma Lee vs Sasha Rozin,karl kazuma lee|sasha rozin,2026-06-11T20:00:00,completed,flat,0,13,61.5,0.5,2026-06-11T19:49:44.119872,10.3,0.395,0.4,2026-06-11T19:54:32.749213,5.5,0.5,0.0,0.03,217.18167300000002,-4.5,30-60%,23.0,2,0,,,0
polymarket,0x78a8304b019298e90c6bb95d9c1bc2c4a4ad332428ad8d6d4d4f6f53801ea88b,Alexis Nguyen,ITF Los Angeles: Alexis Nguyen vs Lily Taylor,alexis nguyen|lily taylor,2026-06-11T18:00:00,completed,flat,0,15,77.0,0.5,2026-06-11T16:40:10.080527,79.8,0.645,0.65,2026-06-11T16:45:52.080821,74.1,0.0,0.0,0.03,101.676922,,60%+,26.0,1,0,,,0
polymarket,0x95630f4ddc6b8e9d66f658cc4d43fed3112eacebbb33e9085621d7daeedbe193,Victoria Jimenez Kasintseva,Modena: Victoria Jimenez Kasintseva vs Varvara Lepchenko,varvara lepchenko|victoria jimenez kasintseva,2026-06-11T16:00:00,completed,flat,0,14,56.8,0.5,2026-06-10T17:01:56.304754,1378.1,0.49,0.495,2026-06-10T17:27:15.522952,1352.7,0.0,0.0,0.02,2842.5305650000005,,30-60%,23.0,1,0,,,0
polymarket,0xabbc85977c2e8929532b1a84c80dca993a2610af032b93d313e436103d6a3ea6,Maria Herazo,ITF Cuiaba: Maria Herazo vs Mell Elizabeth Reasco Gonzalez,maria herazo|mell elizabeth reasco gonzalez,2026-06-11T21:15:00,completed,flat,0,43,228.0,0.5,2026-06-11T16:40:10.080527,274.8,0.2,0.205,2026-06-11T17:35:24.233284,219.6,0.0,0.0,0.02,14.345678,,12-30%,29.0,27,0,,,0
polymarket,0xb0cb4d68e4cbce3e97a3b636b7a567147f76a89ee817c916dc0fcd9c182b5135,Hikaru Sato,ITF Tokyo: Hikaru Sato vs Yuno Kitahara,hikaru sato|yuno kitahara,2026-06-12T01:00:00,completed,flat,0,19,90.4,0.5,2026-06-11T18:57:45.932643,362.2,0.76,0.765,2026-06-11T20:23:14.585589,276.8,0.5,0.0,0.02,,,60%+,23.0,1,0,,,0
polymarket,0xb3dccf726ad954e140172055c9b61376f331ab6b9666167133ba9420309b9e4c,Giovana Schincariol Delatorre Barbosa,ITF Cuiaba: Giovana Schincariol Delatorre Barbosa vs Carolina Alves,carolina alves|giovana schincariol delatorre barbosa,2026-06-11T21:15:00,completed,flat,0,43,228.0,0.5,2026-06-11T19:54:32.749213,80.5,0.045,0.05,2026-06-11T20:13:35.708073,61.4,0.5,0.0,0.01,288.664025,-0.5,2-12%,57.0,43,1,NEW_LOW_WATCH,2026-06-11T19:49:59.226992,1
polymarket,0xbe865ccf54bf794a474f10a37a4008b255c108175c04eda51c2f05f604c08f38,Dong Ju Kim,ITF Maanshan: Dong Ju Kim vs Matthew Dellavedova,dong ju kim|matthew dellavedova,2026-06-12T03:00:00,completed,flat,0,19,90.4,0.5,2026-06-11T19:03:14.091888,476.8,0.31,0.315,2026-06-11T20:13:35.708073,406.4,0.5,0.0,0.02,,,30-60%,23.0,2,0,,,0
polymarket,0xdb339879f8437ae6a28ece15cc30eae1f9c584943f1e1878723b35505355b496,Thiago Cigarran,Tucuman: Thiago Cigarran vs Juan Estevez,juan estevez|thiago cigarran,2026-06-11T19:15:00,completed,flat,0,43,1571.7,0.5,2026-06-10T17:01:56.304754,1573.1,0.61,0.615,2026-06-10T17:11:42.069928,1563.3,-47.5,0.0,0.76,,,60%+,25.0,13,0,,,0
polymarket,0xdbc3c873f2550fc4a22b3177fc13c20175645497d94e17dc5146a615bdc32f37,Abigail Haile,ITF Los Angeles: Abigail Haile vs Alina Shcherbinina,abigail haile|alina shcherbinina,2026-06-11T18:00:00,completed,flat,0,16,77.0,0.5,2026-06-11T16:40:10.080527,79.8,0.2,0.205,2026-06-11T16:51:39.209986,68.3,-0.5,0.0,0.02,124.489295,,12-30%,36.0,2,0,,,0
polymarket,0xe4e60bf92e982f9163f0cbf31a8a300166fc972b75fea211dd74fc4f3b705728,Pawit Sornlaksup,ITF Maanshan: Pawit Sornlaksup vs Thanapet Chanta,pawit sornlaksup|thanapet chanta,2026-06-12T03:00:00,completed,flat,0,19,90.4,0.5,2026-06-11T18:57:45.932643,482.2,0.46,0.465,2026-06-11T20:28:08.262637,391.9,0.5,0.0,0.02,,,30-60%,23.0,1,0,,,0
polymarket,0xeae74a0b936cb255f0ee9fa37318f87faf7ffdac2f98c634f9b071619768edcb,Luiza Fullana,ITF Cuiaba: Luiza Fullana vs Marjorie Souza,luiza fullana|marjorie souza,2026-06-11T21:15:00,completed,flat,0,43,228.0,0.5,2026-06-11T16:40:10.080527,274.8,0.77,0.775,2026-06-11T18:23:00.040861,172.0,0.0,0.0,0.02,,,60%+,26.0,1,0,,,0
polymarket,0xf7e3e01522f00ffb398be57ad6c27b1e1ad1e39bdece7d49ad2d37401954e594,Hanfmann/Struff,Stuttgart Open (Doubles): Hanfmann/Struff vs Kirkov/Miedler,hanfmann struff|kirkov miedler,2026-06-12T08:00:00,completed,flat,0,19,90.4,0.5,2026-06-11T19:03:14.091888,776.8,0.5,0.505,2026-06-11T20:04:04.005983,715.9,0.0,0.0,0.12,,,30-60%,,0,0,,,0
polymarket,0xfbe1b54d7e5c2a9a20baecb0b3f60efb1e84839b42a1edba696be225c79e8f2f,Barbora Krejcikova,Libema Open: Barbora Krejcikova vs Gabriela Ruse,barbora krejcikova|gabriela ruse,2026-06-12T09:00:00,completed,flat,0,19,90.4,0.5,2026-06-11T20:04:04.005983,775.9,0.63,0.635,2026-06-11T20:28:08.262637,751.9,0.5,0.0,0.02,246.59230399999998,-6.0,60%+,35.0,4,0,,,0
polymarket,0xff9aa6a1c168c9be1211809b02d175d51193b4b75ee5b7800a43921c9c9a48f6,Henrique Rocha,Ilkley: Henrique Rocha vs Darwin Blanch,darwin blanch|henrique rocha,2026-06-12T10:20:00,completed,flat,0,43,228.0,0.5,2026-06-11T16:40:10.080527,1059.8,0.525,0.53,2026-06-11T19:23:31.552909,896.5,0.5,0.0,0.01,5583.594293000002,,30-60%,31.0,4,0,,,0
polymarket,0x001af6912c89dd180c8d9205a9315ecb694515e749c6cf555d1b1a55d4cf3b40,Nicolas Garcia Longo,ITF Curtea de Arges: Nicolas Garcia Longo vs Stefan Adrian Andreescu,nicolas garcia longo|stefan adrian andreescu,2026-06-11T08:00:00,completed,insufficient_history,0,0,,,,,,,,,,,,,,,,0,0,,,0
polymarket,0x00387f5189c643b4969fb88f78377b2608174e84934c9c22d5b35ec9dd75eabe,Lehecka/Moutet,Stuttgart Open (Doubles): Lehecka/Moutet vs Hanfmann/Struff,hanfmann struff|lehecka moutet,2026-06-10T08:00:00,completed,insufficient_history,0,0,,,,,,,,,,,,,,,,0,0,,,0
polymarket,0x005a9cc94be7042da8bc98c74f5b3e847160e5ca0debd350a931cf8268604875,Salma Ewing,ITF Los Angeles: Salma Ewing vs Maria Aytoyan,maria aytoyan|salma ewing,2026-06-11T18:00:00,completed,flat,0,16,77.0,0.0,2026-06-11T16:40:10.080527,79.8,0.6,0.6,2026-06-11T16:45:52.080821,74.1,0.0,0.0,0.02,,,60%+,,0,0,,,0
polymarket,0x03910e3db36185423585e358c1a4f931bad4fb05cae541afac9d94bbbfe30bb3,Kristina Penickova,ITF Los Angeles: Kristina Penickova vs Kenzie Nguyen,kenzie nguyen|kristina penickova,2026-06-11T18:00:00,completed,flat,0,16,77.0,0.0,2026-06-11T16:40:10.080527,79.8,0.815,0.815,2026-06-11T16:45:52.080821,74.1,0.0,0.0,0.01,21.272365,,60%+,,0,0,,,0
polymarket,0x03cde21051ca614dfc48333706403bc393056c35d5209bead2afc926248b936f,Julia Adams,ITF Kayseri: Julia Adams vs Ui Su Jeong,julia adams|ui su jeong,2026-06-12T09:15:00,completed,insufficient_history,0,0,,,,,,,,,,,,,,,,0,0,,,0
polymarket,0x06b23b82d979277f4ad71d38437b9a8a74a7cc88dcfc9c74e5b7950cfc273d09,Dan Added,ITF Martos: Dan Added vs Samuel De Felipe Garcia,dan added|samuel de felipe garcia,2026-06-11T18:00:00,completed,flat,0,15,77.0,0.0,2026-06-11T16:40:10.080527,79.8,0.92,0.92,2026-06-11T16:45:52.080821,74.1,0.0,0.0,0.02,11.11111,,60%+,,0,0,,,0
polymarket,0x07e95ff1a81727e6f93744403bb38ff9db3628de73b9a90ae1378a1737ee7cb3,Glinka/Sakellaridis,Stuttgart Open (Doubles): Glinka/Sakellaridis vs Bublik/Kyrgios,bublik kyrgios|glinka sakellaridis,2026-06-12T10:00:00,completed,insufficient_history,0,0,,,,,,,,,,,,,,,,0,0,,,0
polymarket,0x0800cbd3d298d14eb9e9d8de5b9987109b1ddac308fa35b4ca5045c3cc8f7b31,Carles Hernandez,ITF Martos: Carles Hernandez vs Joao Domingues,carles hernandez|joao domingues,2026-06-11T08:00:00,completed,flat,0,14,56.8,0.0,2026-06-10T17:01:56.304754,898.1,0.31,0.31,2026-06-10T17:11:42.069928,888.3,0.0,0.0,0.02,5.0,,30-60%,,0,0,,,0
polymarket,0x0971b866b751a15de30476b45c82551a93c99eb3eb589059fdfa400288d0d918,Kuzuhara/Langmo,Tyler (Doubles): Kuzuhara/Langmo vs Pearson/Puttergill,kuzuhara langmo|pearson puttergill,2026-06-02T14:00:00,completed,insufficient_history,0,0,,,,,,,,,,,,,,,,0,0,,,0
polymarket,0x0c7cf4af3b20bac52a5b0ca1b070041ea5bbf134268e1bb84ce61c8460cfbc46,Isabel Pascual Montalvo,ITF Estepona: Isabel Pascual Montalvo vs Zuzanna Pawlikowska,isabel pascual montalvo|zuzanna pawlikowska,2026-05-20T08:00:00,completed,insufficient_history,0,0,,,,,,,,,,,,,,,,0,0,,,0
polymarket,0x0dbe577af1ca42ea4489c42d70df489be5647b1a7a2d0e57576b82a2bb2d8f48,Emile Hudd,ITF Martos: Emile Hudd vs Bernardo Munk Mesa,bernardo munk mesa|emile hudd,2026-06-11T15:00:00,completed,insufficient_history,0,0,,,,,,,,,,,,,,,,0,0,,,0
polymarket,0x106cf4b6bdd2788b66dcd47397fccdd49322c2244dd8f907b7f9065b93566125,Kajsa Rinaldo Persson,ITF Zagreb: Kajsa Rinaldo Persson vs Laura Mair,kajsa rinaldo persson|laura mair,2026-06-12T10:00:00,completed,insufficient_history,0,0,,,,,,,,,,,,,,,,0,0,,,0
polymarket,0x13a1b7fbd4063332d94477d2fe6cc7956783469522155100d9ff8f2eee0253a2,Tatiana Pieri,ITF Nice: Tatiana Pieri vs Alina Granwehr,alina granwehr|tatiana pieri,2026-06-12T12:30:00,completed,insufficient_history,0,1,0.0,,,,,,,,,,,,,,,0,0,,,0
polymarket,0x14c92a835bf8b74e3d3db68ece41f9f6049fa6b52d627843975a1a2234cc1607,Catarina Melleiro,ITF Cuiaba: Catarina Melleiro vs Gabriella Price,catarina melleiro|gabriella price,2026-06-11T14:00:00,completed,flat,0,14,56.8,0.0,2026-06-10T17:01:56.304754,1258.1,0.5,0.5,2026-06-10T17:11:42.069928,1248.3,0.0,0.0,0.98,,,30-60%,,0,0,,,1
polymarket,0x1636864b95c4d41b973b5d47f051503685acf79d59a4aeff082a9274ae7d4c02,Kozyreva/Shymanovich,Ilkley (Doubles): Kozyreva/Shymanovich vs Jones/Podrez,jones podrez|kozyreva shymanovich,2026-06-09T09:00:00,completed,insufficient_history,0,0,,,,,,,,,,,,,,,,0,0,,,0
polymarket,0x16e8a6b3e56b9f2a7ac20a98e8d34c99d70711815c5742304a76b8ce6551efdb,Peter Makk,ITF Nyiregyhaza: Peter Makk vs Yannik Kelm,peter makk|yannik kelm,2026-06-12T10:00:00,completed,insufficient_history,0,0,,,,,,,,,,,,,,,,0,0,,,0
polymarket,0x175c579e1f7eb2c750eb016acb6fd26d408332e1e31e785d94a26b87c77e3d70,Stefan Horia Haita,ITF Curtea de Arges: Stefan Horia Haita vs Stefan Adrian Andreescu,stefan adrian andreescu|stefan horia haita,2026-06-12T08:00:00,completed,insufficient_history,0,0,,,,,,,,,,,,,,,,0,0,,,0
polymarket,0x1a547897795a8c39fd98adf2f343614cc1f99033d3f2a1be380dbc0a45e399f6,Rafael Izquierdo Luque,ITF Martos: Rafael Izquierdo Luque vs Mario Gonzalez Fernandez,mario gonzalez fernandez|rafael izquierdo luque,2026-06-11T14:00:00,completed,insufficient_history,0,0,,,,,,,,,,,,,,,,0,0,,,0
polymarket,0x1aaa5bcf287706312fe7a423293805b8da3739a62d24c054673ee17f115a81d7,Jecan/Pavel,Cattolica (Doubles): Jecan/Pavel vs Cornea/Cukierman,cornea cukierman|jecan pavel,2026-06-12T11:00:00,completed,insufficient_history,0,0,,,,,,,,,,,,,,,,0,0,,,0
polymarket,0x1b1b9ea75de44573bafbf7070f9ebe4438aaa9b066ca267942159a24a7110a29,Danilina/Krunic,HSBC Championships (Doubles): Danilina/Krunic vs Mihalikova/Nicholls,danilina krunic|mihalikova nicholls,2026-06-11T08:00:00,completed,flat,0,14,56.8,0.0,2026-06-10T17:01:56.304754,898.1,0.5,0.5,2026-06-10T17:11:42.069928,888.3,0.0,0.0,1.0,,,30-60%,,0,0,,,0
polymarket,0x1d02045f1c59b3cb92f1da916cdf17fef63e5add7b72ef49b3c9a6d53c52870b,Benjamin O'connell,ITF Los Angeles: Benjamin O'connell vs Matic Kriznik,benjamin o connell|matic kriznik,2026-06-11T20:00:00,completed,flat,0,37,199.1,0.0,2026-06-11T16:40:10.080527,199.8,0.36,0.36,2026-06-11T16:45:52.080821,194.1,0.0,0.0,0.02,5.405404,,30-60%,,0,0,,,0
polymarket,0x1eac1646122b15b8f4e7703e80a1b5c08b983cf27e47283efc51b7945a750cd7,Guillaume Dalmasso,ITF Vaasa: Guillaume Dalmasso vs Tom Zeuch,guillaume dalmasso|tom zeuch,2026-06-12T09:00:00,completed,insufficient_history,0,0,,,,,,,,,,,,,,,,0,0,,,0
polymarket,0x2138ad00e6e46fb947cc055e111139c4c4a0b88c1d8fad37caeec6912566452e,Kylie Collins,ITF Decatur: Kylie Collins vs Malaika Rapolu,kylie collins|malaika rapolu,2026-06-09T22:15:00,completed,insufficient_history,0,0,,,,,,,,,,,,,,,,0,0,,,0
polymarket,0x2198b83190955803afbcef0a116da7af5ee92e67004ca1dc86c6500272db3532,Ruehl/Wehnelt,Lyon (Doubles): Ruehl/Wehnelt vs Mansouri/Neuchrist,mansouri neuchrist|ruehl wehnelt,2026-06-12T08:00:00,completed,flat,0,19,90.4,0.0,2026-06-11T19:03:14.091888,776.8,0.46,0.46,2026-06-11T19:08:31.126437,771.5,-22.0,0.0,0.12,,,30-60%,21.0,6,0,,,0
polymarket,0x21df8b916d700a22de382e27dccd9885e7bb75bc005d2c1b005ab0107231e3bd,Pokorny/Sachko,Bratislava (Doubles): Pokorny/Sachko vs Dias/Silva,dias silva|pokorny sachko,2026-06-11T15:00:00,completed,insufficient_history,0,0,,,,,,,,,,,,,,,,0,0,,,0
polymarket,0x2678cd0903567e21d129093e213150fa398a9b8aff06b90f74e3199dd24a9a8e,Madison Brengle,ITF Decatur: Madison Brengle vs Carolina Gomez,carolina gomez|madison brengle,2026-06-11T15:00:00,completed,insufficient_history,0,0,,,,,,,,,,,,,,,,0,0,,,0
polymarket,0x2ea8ad708f2cd4568ad2fa4e342ea88597cd01dec76e1c603b88c1b0d634c2c7,Andrej Nedic,ITF kiseljak: Andrej Nedic vs Yaroslav Demin,andrej nedic|yaroslav demin,2026-06-11T08:00:00,completed,insufficient_history,0,0,,,,,,,,,,,,,,,,0,0,,,0
polymarket,0x2f5755756d972c8d10fcd343e280d69acbac755fc34f096b280c632b91c245c8,Masha Lazarenko,ITF Nice: Masha Lazarenko vs Alina Granwehr,alina granwehr|masha lazarenko,2026-06-11T12:00:00,completed,insufficient_history,0,0,,,,,,,,,,,,,,,,0,0,,,0
polymarket,0x30f218a4c355893a15ecf1cf8d97af3b547de767afdf72b170610fb6a9632cd1,Ozan Baris,ITF Wichita: Ozan Baris vs Zsombor Velcz,ozan baris|zsombor velcz,2026-06-11T17:00:00,completed,insufficient_history,0,4,17.0,,,,,,,,,,,,,,,0,0,,,0
polymarket,0x3350582fc03a1d5033b3f1b120c9bab67114d365d44905e4d7c03e08909ac10b,Nicolas Oliveira,ITF Brasilia: Nicolas Oliveira vs Salvador Price,nicolas oliveira|salvador price,2026-06-11T13:00:00,completed,flat,0,14,56.8,0.0,2026-06-10T17:01:56.304754,1198.1,0.5,0.5,2026-06-10T17:11:42.069928,1188.3,0.0,0.0,0.96,,,30-60%,,0,0,,,0
polymarket,0x36b51349b0d20aa45148f55d24358b608558f40220b137d093eb457c2f9433b3,Aurora Zantedeschi,ITF San Gregorio: Aurora Zantedeschi vs Alessandra Mazzola,alessandra mazzola|aurora zantedeschi,2026-06-12T13:00:00,completed,insufficient_history,0,4,33.9,,,,,,,,,,,,,,,0,0,,,0
polymarket,0x38a9e4a8702336770cf76c15e0750b4a478e0299335061439d3ba1eb635e97af,Katherine Sebov,ITF Guimaraes: Katherine Sebov vs Chelsea Fontenel,chelsea fontenel|katherine sebov,2026-06-11T12:00:00,completed,insufficient_history,0,0,,,,,,,,,,,,,,,,0,0,,,0
polymarket,0x3b2bd6a528c01b9da0c007df1cc9cd47475486631c7c95ee883736fda1813e3f,Julie Struplova,ITF Ceska Lipa: Julie Struplova vs Martha Matoula,julie struplova|martha matoula,2026-06-11T16:30:00,completed,insufficient_history,0,0,,,,,,,,,,,,,,,,0,0,,,0
polymarket,0x3b3fbb80049644af188fd60903f325a57ec73f74f15d5f52881a14f78f0e5235,Katarina Kuzmova,ITF Guimaraes: Katarina Kuzmova vs Lauryn John-Baptiste,katarina kuzmova|lauryn john baptiste,2026-06-11T11:00:00,completed,insufficient_history,0,0,,,,,,,,,,,,,,,,0,0,,,0
polymarket,0x3c1496ccf7cb287618a173f967b61f30ca85542a8e484357376cbb1b987ba964,Kaylan Bigun,ITF Los Angeles: Kaylan Bigun vs Jerry Roddick,jerry roddick|kaylan bigun,2026-06-11T20:00:00,completed,flat,0,37,199.1,0.0,2026-06-11T16:40:10.080527,199.8,0.62,0.62,2026-06-11T16:45:52.080821,194.1,0.0,0.0,0.02,,,60%+,,0,0,,,0
polymarket,0x3ce926764524230f266885b9ac7665a0733ba21976ce07efe12bd1cb2ff58824,Karol/Serdarusic,Bratislava (Doubles): Karol/Serdarusic vs Kovalik/Martin,karol serdarusic|kovalik martin,2026-06-11T14:30:00,completed,flat,0,14,56.8,0.0,2026-06-10T17:01:56.304754,1288.1,0.5,0.5,2026-06-10T17:11:42.069928,1278.3,0.0,0.0,1.0,,,30-60%,,0,0,,,0
polymarket,0x3e07c4897d6457502a322150febe3d13d5992292ab128e6ce4c94c8a0c32a898,Moritz Kudernatsch,ITF Vaasa: Moritz Kudernatsch vs Leonardo Rossi,leonardo rossi|moritz kudernatsch,2026-06-12T10:00:00,completed,insufficient_history,0,0,,,,,,,,,,,,,,,,0,0,,,0
polymarket,0x407e8dc405d2c1ff6a64a91af6fc348667acf8ffb742daee20b9fe708e32a186,Maria Sholokhova,ITF Decatur: Maria Sholokhova vs Anna Rogers,anna rogers|maria sholokhova,2026-06-10T15:00:00,completed,insufficient_history,0,0,,,,,,,,,,,,,,,,0,0,,,0
polymarket,0x42d879c7659171a80612dce3a857414f11d1d3362cd908d2ac946c3c2bd92169,Nina Vargova,ITF Casablanca: Nina Vargova vs Martina Colmegna,martina colmegna|nina vargova,2026-06-12T10:00:00,completed,insufficient_history,0,0,,,,,,,,,,,,,,,,0,0,,,0
polymarket,0x4716a6f230211674d41d231993f3e857776b93a659bf775e2fa413049b797006,Ribeiro/Zeballos,Tucuman (Doubles): Ribeiro/Zeballos vs Casanova/Taverna,casanova taverna|ribeiro zeballos,2026-06-11T13:00:00,completed,insufficient_history,0,0,,,,,,,,,,,,,,,,0,0,,,0
polymarket,0x47595da7b15b595dfe64fa6a61c7bbf81a17fb790337849bf2d4a2018901179d,Jumpei Yamasaki,ITF Tokyo: Jumpei Yamasaki vs Jangjun Kim,jangjun kim|jumpei yamasaki,2026-06-12T02:00:00,completed,flat,0,19,90.4,0.0,2026-06-11T19:03:14.091888,416.8,0.365,0.365,2026-06-11T19:08:31.126437,411.5,0.0,0.0,0.01,8.0,,30-60%,,0,0,,,0
polymarket,0x47e7c6f432b2c0f934c3f09ee485a79f6acc3845dd1408e128d28ff483d65f86,Harrison/Osborne,Ilkley (Doubles): Harrison/Osborne vs Appleton/Pridankina,appleton pridankina|harrison osborne,2026-06-11T17:30:35,completed,insufficient_history,0,0,,,,,,,,,,,,,,,,0,0,,,0
polymarket,0x4aab26c65508e80a39a77fcaabf0d1319c3ab1007a9c46e13f741389efe08847,Fernandez/Siegemund,HSBC Championships (Doubles): Fernandez/Siegemund vs Panova/Schuurs,fernandez siegemund|panova schuurs,2026-06-09T08:00:00,completed,insufficient_history,0,0,,,,,,,,,,,,,,,,0,0,,,0
polymarket,0x4ae4e1715d96d418d248c458918694dc5b97b06b0137327af3b577d7290e5400,Karol/Serdarusic,Bratislava (Doubles): Karol/Serdarusic vs Pokorny/Sachko,karol serdarusic|pokorny sachko,2026-06-12T13:00:00,completed,insufficient_history,0,4,33.9,,,,,,,,,,,,,,,0,0,,,0
polymarket,0x4b4480cbb2010144ed587be5d8bd58f1f0bf13618ab7dc500940f35b049423dc,Cornea/Cukierman,Cattolica (Doubles): Cornea/Cukierman vs Genov/Whitehouse,cornea cukierman|genov whitehouse,2026-06-08T08:00:00,completed,insufficient_history,0,0,,,,,,,,,,,,,,,,0,0,,,0
polymarket,0x4dcb95cf4b843412f439fab061f459bf313064435c0bc0c4b6ed16f38668c267,Joaquin Guilleme,ITF Vaasa: Joaquin Guilleme vs Linus Lagerbohm,joaquin guilleme|linus lagerbohm,2026-06-12T09:00:00,completed,insufficient_history,0,0,,,,,,,,,,,,,,,,0,0,,,0
polymarket,0x50b382d8dfd0b4410ad240428941b27ce82f66e55634835402fab3a2f8186008,Stefano D'agostino,ITF Kursumlijska Banja: Stefano D'agostino vs Carlos Giraldi,carlos giraldi|stefano d agostino,2026-06-12T09:00:00,completed,insufficient_history,0,0,,,,,,,,,,,,,,,,0,0,,,0
polymarket,0x512257d49625c8f8fb32e21ba5978481d68a28cd888fea2962242be779284fe2,Anchisa Chanta,ITF Wuning: Anchisa Chanta vs Mai Hontama,anchisa chanta|mai hontama,2026-06-12T02:00:00,completed,flat,0,19,90.4,0.0,2026-06-11T19:03:14.091888,416.8,0.35,0.35,2026-06-11T19:08:31.126437,411.5,0.0,0.0,0.02,,,30-60%,,0,0,,,0
polymarket,0x517a63a79e23b86a0b8323b1deff5736ecfe0f26c11d85871d5f45e76e4efadd,Arias/Ingildsen,Lyon (Doubles): Arias/Ingildsen vs Isaro/Poonacha,arias ingildsen|isaro poonacha,2026-06-12T12:30:00,completed,insufficient_history,0,1,0.0,,,,,,,,,,,,,,,0,0,,,0
polymarket,0x525a9236e142e73f1d5bc3497eb870e0c4d799a83ed908b3b81f8503b13b2876,Tanisha Kashyap,ITF Gaborone: Tanisha Kashyap vs D'Estree Colalancia,d estree colalancia|tanisha kashyap,2026-05-20T08:00:00,completed,insufficient_history,0,0,,,,,,,,,,,,,,,,0,0,,,0
polymarket,0x52bca72917adc0a96493020469e028c42ba74982bfd27e417941bfc43b43f5ee,Vladyslav Orlov,ITF kiseljak: Vladyslav Orlov vs Alen Mujakic,alen mujakic|vladyslav orlov,2026-06-11T09:00:00,completed,insufficient_history,0,0,,,,,,,,,,,,,,,,0,0,,,0
polymarket,0x565f7844814b2d7cb476a1666af0d65d6506c84955fefeb54a99d411abd698cf,Andreea Prisacariu,ITF San Gregorio: Andreea Prisacariu vs Camilla Gennaro,andreea prisacariu|camilla gennaro,2026-06-12T12:00:00,completed,insufficient_history,0,0,,,,,,,,,,,,,,,,0,0,,,0
polymarket,0x587eef7f24cc6ec1129119a6675c48427b438a94cc5fe26a9c879ff4168e6343,Catherine Aulia,ITF Los Angeles: Catherine Aulia vs Veronica Miroshnichenko,catherine aulia|veronica miroshnichenko,2026-06-11T18:00:00,completed,flat,0,15,77.0,0.0,2026-06-11T16:40:10.080527,79.8,0.26,0.26,2026-06-11T16:45:52.080821,74.1,0.0,0.0,0.02,204.317353,,12-30%,,0,0,,,0
polymarket,0x5a82302f1b4f183643853759e6a70f3eddf92e417300d13a9d5e4bc398973c60,Clara Burel,ITF Nice: Clara Burel vs Deborah Chiesa,clara burel|deborah chiesa,2026-06-11T14:15:00,completed,insufficient_history,0,0,,,,,,,,,,,,,,,,0,0,,,0
polymarket,0x5d124084b23da4143a1c0f91c164c7e0a3d779558126f5b2d0078c50396f3654,Victoria Jimenez Kasintseva,Modena: Victoria Jimenez Kasintseva vs Leyre Romero Gormaz,leyre romero gormaz|victoria jimenez kasintseva,2026-06-12T12:20:00,completed,insufficient_history,0,0,,,,,,,,,,,,,,,,0,0,,,0
polymarket,0x5fc614911c6dc5e39aefe927f83982f67a2535ac9429abad759b13860cf2332d,Bollipalli/Hilderbrand,Ilkley (Doubles): Bollipalli/Hilderbrand vs Bass/Duncan,bass duncan|bollipalli hilderbrand,2026-06-11T16:30:00,completed,insufficient_history,0,0,,,,,,,,,,,,,,,,0,0,,,0
polymarket,0x60e34f7ffe007d2645f3b69b6f9e785d8846a2d7c22d7cd474b4c4d737b0107d,Bueno/Meza,Cattolica (Doubles): Bueno/Meza vs Jong/Hermans,bueno meza|jong hermans,2026-06-11T08:00:00,completed,flat,0,14,56.8,0.0,2026-06-10T17:01:56.304754,898.1,0.5,0.5,2026-06-10T17:11:42.069928,888.3,0.0,0.0,0.98,,,30-60%,,0,0,,,0
polymarket,0x620007462253aec921fe1cf2e2b7b6edbc146575eebb8cd65273733dd0bcc050,Lucie Havlickova,ITF Ceska Lipa: Lucie Havlickova vs Jana Kovackova,jana kovackova|lucie havlickova,2026-06-11T12:15:00,completed,insufficient_history,0,0,,,,,,,,,,,,,,,,0,0,,,0
polymarket,0x628c5e5e33b190e5b8073ca5fa7b6cc97ac568354e52c3f49a1343502aa11852,Arias/Ingildsen,Lyon (Doubles): Arias/Ingildsen vs Forcano/Vervoort,arias ingildsen|forcano vervoort,2026-06-11T13:30:00,completed,insufficient_history,0,0,,,,,,,,,,,,,,,,0,0,,,0
polymarket,0x6766c3e15eb93f4211b5ec2ff18957c99dc62232d007e8e6a93e93bae3809ca6,Aoyama/Liang,Libema Open (Doubles): Aoyama/Liang vs Andreescu/Boisson,andreescu boisson|aoyama liang,2026-06-11T12:00:00,completed,insufficient_history,0,0,,,,,,,,,,,,,,,,0,0,,,0
polymarket,0x6b7a55318f44fae47be41624cd8cee61a1b52a690779f0cc1ecd41e6ccbc1823,Alberto Barroso Campos,ITF Martos: Alberto Barroso Campos vs Maxi Carrascosa Diaz,alberto barroso campos|maxi carrascosa diaz,2026-06-11T14:00:00,completed,insufficient_history,0,0,,,,,,,,,,,,,,,,0,0,,,0
polymarket,0x6c2d40df8697002a9211d35d6c6bb24ccc5a52e27cd2965aa3fb7b882ad4e1ab,Detiuc/Khromacheva,Libema Open (Doubles): Detiuc/Khromacheva vs Aoyama/Liang,aoyama liang|detiuc khromacheva,2026-06-12T08:00:00,completed,flat,0,19,90.4,0.0,2026-06-11T18:57:45.932643,782.2,0.5,0.5,2026-06-11T19:03:14.091888,776.8,0.0,0.0,1.0,,,30-60%,,0,0,,,0
polymarket,0x6c4157e9e68099a333994ed7cddee0fde1bc2af7497be4fb8464f00bd1919699,Mattia Bellucci,Stuttgart Open: Mattia Bellucci vs Taylor Fritz,mattia bellucci|taylor fritz,2026-06-12T11:35:00,completed,insufficient_history,0,0,,,,,,,,,,,,,,,,0,0,,,0
polymarket,0x6d612814fa1bee543ac9fa537834c766b16d8a0052453278eb19aba7cea598af,Sofia Da Cruz Mendonca,ITF Cuiaba: Sofia Da Cruz Mendonca vs Maria Florencia Urrutia,maria florencia urrutia|sofia da cruz mendonca,2026-06-11T19:00:00,completed,flat,0,25,137.6,0.0,2026-06-11T16:45:52.080821,134.1,0.05,0.05,2026-06-11T16:51:39.209986,128.3,0.0,0.0,0.02,87.814025,,2-12%,48.0,25,0,,,0
polymarket,0x6eabe18ee130bf8ce989e33cb6f05c21155fca17db67842492d29c750712bcde,Pavlasek/Rikl,Libema Open (Doubles): Pavlasek/Rikl vs Bergs/Rinderknech,bergs rinderknech|pavlasek rikl,2026-06-12T08:00:00,completed,flat,0,19,90.4,0.0,2026-06-11T18:57:45.932643,782.2,0.5,0.5,2026-06-11T19:03:14.091888,776.8,0.0,0.0,1.0,,,30-60%,,0,0,,,0
polymarket,0x6f15883d85b956b04b891de99de78c9063d4f7e2da50b3dc7a3b2946d020e5d1,Luna Vujovic,ITF Casablanca: Luna Vujovic vs Carlota Martinez Cirez,carlota martinez cirez|luna vujovic,2026-06-12T10:00:00,completed,insufficient_history,0,0,,,,,,,,,,,,,,,,0,0,,,0
polymarket,0x71cfd679503736596d273b11921a75ba9f9015a56ae13c0d5bfe15fe0d3e05e2,Manel Lazaro Juncadella,ITF Martos: Manel Lazaro Juncadella vs John Echeverria,john echeverria|manel lazaro juncadella,2026-06-11T15:00:00,completed,insufficient_history,0,0,,,,,,,,,,,,,,,,0,0,,,1
polymarket,0x736bebfe6013a6f700152ec896d2db6942e1d1f4af385c7a65dc1e0c5663f0af,Zuzanna Pawlikowska,ITF Decatur: Zuzanna Pawlikowska vs Jaedan Brown,jaedan brown|zuzanna pawlikowska,2026-06-11T17:15:00,completed,flat,0,7,33.8,0.0,2026-06-11T16:40:10.080527,34.8,0.705,0.705,2026-06-11T16:45:52.080821,29.1,0.0,0.0,0.01,10.0,,60%+,,0,0,,,0
polymarket,0x751e562d2c8bca9d2c542e53eca8b3602d257edc4ea4686dfc8d32e43a0450bf,Kaitlyn Carnicella,ITF Los Angeles: Kaitlyn Carnicella vs Rachel Gailis,kaitlyn carnicella|rachel gailis,2026-06-11T18:00:00,completed,flat,0,15,77.0,0.0,2026-06-11T16:40:10.080527,79.8,0.27,0.27,2026-06-11T16:45:52.080821,74.1,0.0,0.0,0.02,,,12-30%,,0,0,,,0
polymarket,0x780534d6a82ff11f657ba6f5bce27b4680a5e09098daa155fbba1f7dc5756358,Eva Bennemann,ITF Merzig: Eva Bennemann vs Pia Lovric,eva bennemann|pia lovric,2026-06-12T11:00:00,completed,insufficient_history,0,0,,,,,,,,,,,,,,,,0,0,,,0
polymarket,0x7821a47edd2ca265573006e0f39377a72f1311b286388768ab13c059e7bbad68,Matisse Farzam,ITF Wichita: Matisse Farzam vs Kenta Miyoshi,kenta miyoshi|matisse farzam,2026-06-11T18:00:00,completed,flat,0,15,77.0,0.0,2026-06-11T16:40:10.080527,79.8,0.27,0.27,2026-06-11T16:45:52.080821,74.1,0.0,0.0,0.02,222.931574,,12-30%,,0,0,,,0
polymarket,0x7a9eb9671a6e8060f8bda269ea61db83f41682ee82d918509d70171e3b0a830e,Marcel Zielinski,ITF Messina: Marcel Zielinski vs Gian Marco Ortenzi,gian marco ortenzi|marcel zielinski,2026-06-11T13:30:00,completed,insufficient_history,0,0,,,,,,,,,,,,,,,,0,0,,,0
polymarket,0x7bb8c4e23ed2fdd0fa5489af2b46bbaeb7204ed60a3c0acfcb18fda80b1fe6db,Alevtina Ibragimova,ITF Nice: Alevtina Ibragimova vs Clara Burel,alevtina ibragimova|clara burel,2026-06-12T11:00:00,completed,insufficient_history,0,0,,,,,,,,,,,,,,,,0,0,,,0
polymarket,0x7c746c4bad5a37e5894be4b391f12d6f1fa84a4839f6fde55e9db6611669ab71,Radu Mihai Papoe,ITF Curtea de Arges: Radu Mihai Papoe vs Marlon Vankan,marlon vankan|radu mihai papoe,2026-06-12T10:30:00,completed,insufficient_history,0,0,,,,,,,,,,,,,,,,0,0,,,0
polymarket,0x7cc531af0f8bc9f715a4a9a38575dc0730e5c69c173a6e3a439216cadb6b786e,Sophie Llewellyn,ITF Decatur: Sophie Llewellyn vs Lea Ma,lea ma|sophie llewellyn,2026-06-11T17:15:00,completed,flat,0,7,33.8,0.0,2026-06-11T16:40:10.080527,34.8,0.16,0.16,2026-06-11T16:45:52.080821,29.1,0.0,0.0,0.02,129.129399,,12-30%,,0,0,,,0
polymarket,0x7d86aec58bf5a42400bd14fdac14b52b79fe21eaf827c726dd7737998aeb5857,Marko Maksimovic,ITF Kursumlijska Banja: Marko Maksimovic vs Lorenzo Gagliardo,lorenzo gagliardo|marko maksimovic,2026-06-11T08:35:00,completed,insufficient_history,0,0,,,,,,,,,,,,,,,,0,0,,,0
polymarket,0x81f4efed926603fc67520d11b72a870379dda8d0351b426d5b6c1d7a9cdf36d7,Viktorija Golubic,Ilkley: Viktorija Golubic vs Katie Swan,katie swan|viktorija golubic,2026-06-12T10:20:00,completed,flat,0,43,228.0,0.0,2026-06-11T16:40:10.080527,1059.8,0.625,0.625,2026-06-11T16:45:52.080821,1054.1,0.0,0.0,0.01,1370.4422639999998,,60%+,,0,0,,,0
polymarket,0x84f84dc4fed473341b2d5b194da808101e03df8e1be0153b784e5b15a0ce5697,Andrew Fenty,ITF Wichita: Andrew Fenty vs Thanaphat Boosarawongse,andrew fenty|thanaphat boosarawongse,2026-06-11T18:00:00,completed,flat,0,15,77.0,0.0,2026-06-11T16:40:10.080527,79.8,0.77,0.77,2026-06-11T16:45:52.080821,74.1,0.0,0.0,0.02,10.415582,,60%+,,0,0,,,0
polymarket,0x893eb6513dae9817ceeaf22a4bd1abafcf1598789c8c080dd798ac22e064857d,Jecan/Pavel,Cattolica (Doubles): Jecan/Pavel vs Bondioli/Brancaccio,bondioli brancaccio|jecan pavel,2026-06-11T08:00:00,completed,flat,0,14,56.8,0.0,2026-06-10T17:01:56.304754,898.1,0.5,0.5,2026-06-10T17:11:42.069928,888.3,0.0,0.0,1.0,,,30-60%,,0,0,,,0
polymarket,0x8b351cd32e28372a78f44a566e4fff2448d800c9838b79f611be083ca4f58bdb,Massimo Pizzigoni,ITF kiseljak: Massimo Pizzigoni vs Andrey Chepelev,andrey chepelev|massimo pizzigoni,2026-06-11T10:30:00,completed,insufficient_history,0,0,,,,,,,,,,,,,,,,0,0,,,0
polymarket,0x8d30b9b8ce131b9bcbb2391e1c4ca7dc594512f5c200fc84153d91c7eec13107,Matilde Jorge,ITF Guimaraes: Matilde Jorge vs Savannah Broadus,matilde jorge|savannah broadus,2026-06-12T10:00:00,completed,insufficient_history,0,0,,,,,,,,,,,,,,,,0,0,,,0
polymarket,0x8f06b3ea2731acc56be3e3917067a1e1760fe0923f5db33d6721e049e074d25f,Hanyi Liu,ITF Maanshan: Hanyi Liu vs Kokoro Isomura,hanyi liu|kokoro isomura,2026-06-12T02:00:00,completed,flat,0,18,84.9,0.0,2026-06-11T19:03:14.091888,416.8,0.41,0.41,2026-06-11T19:08:31.126437,411.5,0.0,0.0,0.02,,,30-60%,,0,0,,,0
polymarket,0x91ac5059eae025f75f9735d063b9ba867bcfe600d4dd50036786dcb329b4477d,Bublik/Kyrgios,Stuttgart Open (Doubles): Bublik/Kyrgios vs Paul/Seggerman,bublik kyrgios|paul seggerman,2026-06-08T08:00:00,completed,insufficient_history,0,0,,,,,,,,,,,,,,,,0,0,,,0
polymarket,0x92889d49761307073d461289d01208c3b19292d17da937c0f57501c7b7efa50d,Dayeon Back,ITF Changwon: Dayeon Back vs Su Jeong Jang,dayeon back|su jeong jang,2026-05-20T02:00:00,completed,insufficient_history,0,0,,,,,,,,,,,,,,,,0,0,,,0
polymarket,0x933a6d93c99df044b056f973a6555f3f108ed7868430c4e3ec9f3f52b24773e8,Rafael Tosetto,ITF Brasilia: Rafael Tosetto vs Joao Victor Couto Loureiro,joao victor couto loureiro|rafael tosetto,2026-06-11T15:00:00,completed,insufficient_history,0,0,,,,,,,,,,,,,,,,0,0,,,0
polymarket,0x93d219d5b75ec29443bef45816bdc2da825be4f626af4932d68eb76447a4b14f,Sergi Perez Contri,ITF kiseljak: Sergi Perez Contri vs Yanis Ghazouani Durand,sergi perez contri|yanis ghazouani durand,2026-06-12T08:30:00,completed,insufficient_history,0,0,,,,,,,,,,,,,,,,0,0,,,0
polymarket,0x946bd867808d5ccfc5cf840eb6149a401b09aeaa47ca671557ea4a70b79e40d3,Anas Mazdrashki,ITF Curtea de Arges: Anas Mazdrashki vs Sebastian Gima,anas mazdrashki|sebastian gima,2026-06-12T08:00:00,completed,insufficient_history,0,0,,,,,,,,,,,,,,,,0,0,,,0
polymarket,0x975f92a97d53811e3af7271f195b9f045226b0a6c8b07d404c52f35b6cb87a8c,Luis Felipe Miguel,ITF Brasilia: Luis Felipe Miguel vs Bautista de la Pena,bautista de la pena|luis felipe miguel,2026-06-11T15:15:00,completed,insufficient_history,0,0,,,,,,,,,,,,,,,,0,0,,,0
polymarket,0x9beef873dfb5fe77cb8b944ab0694a1c558d46e64990ca3edaf0d2203bc33b0b,Ekaterina Perelygina,ITF Casablanca: Ekaterina Perelygina vs Emma Lene,ekaterina perelygina|emma lene,2026-06-12T12:00:00,completed,insufficient_history,0,0,,,,,,,,,,,,,,,,0,0,,,0
polymarket,0x9d20131ed36f9813cfc83a583b0a320e635a8ce84ceed0e1df14a47bda81810c,Anna-Lena Friedsam,ITF Zagreb: Anna-Lena Friedsam vs Gina Marie Dittmann,anna lena friedsam|gina marie dittmann,2026-06-12T10:00:00,completed,insufficient_history,0,0,,,,,,,,,,,,,,,,0,0,,,0
polymarket,0xa0683d4f701c76d35630b32d419b9adb86fb306d610adc83a0b56b29c7abe469,Ana Grubor,ITF Decatur: Ana Grubor vs Olivia Lincer,ana grubor|olivia lincer,2026-06-11T15:00:00,completed,insufficient_history,0,0,,,,,,,,,,,,,,,,0,0,,,0
polymarket,0xa1564969716d55bb9d0f4c34b4da7f7f5f0f7e73a56f70cc026346e100d38fee,Dominik Recek,ITF Klagenfurt: Dominik Recek vs Justas Trainauskas,dominik recek|justas trainauskas,2026-05-20T08:00:00,completed,insufficient_history,0,0,,,,,,,,,,,,,,,,0,0,,,0
polymarket,0xa50e832956ab2bf64013a59579a3a45b7969d245e9394dc804cd6a2c216b5b12,Laura Boehner,ITF Merzig: Laura Boehner vs Marie Weckerle,laura boehner|marie weckerle,2026-06-11T10:30:00,completed,insufficient_history,0,0,,,,,,,,,,,,,,,,0,0,,,0
polymarket,0xa5493051b3235f0a762b3b9a03c321cabbadab251e1f887c38f54128b2df579b,Barnett/Murray,Ilkley (Doubles): Barnett/Murray vs Christie/Silva,barnett murray|christie silva,2026-06-11T09:00:00,completed,insufficient_history,0,0,,,,,,,,,,,,,,,,0,0,,,0
polymarket,0xa6937a75dfc1f037cfd382019408688d69879ab473b8d5f6e18f7dc3839f5804,Stevenson/Willis,Ilkley (Doubles): Stevenson/Willis vs Blanchet/Jacquet,blanchet jacquet|stevenson willis,2026-06-11T17:30:00,completed,insufficient_history,0,0,,,,,,,,,,,,,,,,0,0,,,0
polymarket,0xa7ac8767ce4890b2b045a9a76daaaec7e646f8b0f4b135f7ba5eee04c5ee0975,Tia Messerli,ITF Los Angeles: Tia Messerli vs Monika Ekstrand,monika ekstrand|tia messerli,2026-06-11T18:00:00,completed,flat,0,15,77.0,0.0,2026-06-11T16:45:52.080821,74.1,0.12,0.12,2026-06-11T16:51:39.209986,68.3,0.0,0.0,0.02,141.219214,,12-30%,32.0,14,0,,,0
polymarket,0xa91a99f0bb16f21c6cadc7bcd9d745ad073c1fcc0ff7627e9363f6e8570d8a89,Dunja Maric,ITF San Gregorio: Dunja Maric vs Nadia Podoroska,dunja maric|nadia podoroska,2026-06-12T13:00:00,completed,insufficient_history,0,4,33.9,,,,,,,,,,,,,,,0,0,,,0
polymarket,0xaa6679bbb6ecdbaab3b87d64c3046351bcddac3ebaf83f93aa4a77000ac551f4,Ruth Roura Llaverias,ITF Madrid: Ruth Roura Llaverias vs Maileen Nuudi,maileen nuudi|ruth roura llaverias,2026-06-12T10:30:00,completed,insufficient_history,0,0,,,,,,,,,,,,,,,,0,0,,,0
polymarket,0xab2571d1085a74a7d3380a9f9d50ca652fdc933e3315c9fe9becef31d163634e,Cervantes/Molchanov,Bratislava (Doubles): Cervantes/Molchanov vs Drzewiecki/Matuszewski,cervantes molchanov|drzewiecki matuszewski,2026-06-12T10:00:00,completed,flat,0,18,84.9,0.0,2026-06-11T19:03:14.091888,896.8,0.5,0.5,2026-06-11T19:08:31.126437,891.5,0.0,0.0,1.0,,,30-60%,,0,0,,,0
polymarket,0xab83ad28f0cee8d758b151c6b37051b5096a41b667c6b6fadfd0f29fd1fd404a,Federico Coria,Tucuman: Federico Coria vs Andrea Collarini,andrea collarini|federico coria,2026-06-11T19:45:00,completed,flat,0,34,184.7,0.0,2026-06-11T16:40:10.080527,184.8,0.365,0.365,2026-06-11T16:45:52.080821,179.1,-2.0,0.0,0.01,20517.663286,,30-60%,23.0,2,0,,,0
polymarket,0xb082518986fd146b53d38403c2a58ae443346ce52b9a30a05c6a74e325684be1,Fausto Tabacco,ITF Messina: Fausto Tabacco vs Christian Sigsgaard,christian sigsgaard|fausto tabacco,2026-06-11T16:00:00,completed,insufficient_history,0,0,,,,,,,,,,,,,,,,0,0,,,0
polymarket,0xb20a2969ea2272ee7a8b7d7e19bb6062a7e97efa5b8742792b71b7063a3e4238,Enrique Carrascosa Diaz,ITF Martos: Enrique Carrascosa Diaz vs Pablo Perez Ramos,enrique carrascosa diaz|pablo perez ramos,2026-06-11T14:00:00,completed,insufficient_history,0,0,,,,,,,,,,,,,,,,0,0,,,1
polymarket,0xb3509cbdfa6548ad7ee3f9f079776b5542ab9318db078dd6d4b7fbae745218be,Jovic/Kessler,HSBC Championships (Doubles): Jovic/Kessler vs Dabrowski/Stefani,dabrowski stefani|jovic kessler,2026-06-11T08:00:00,completed,flat,0,14,56.8,0.0,2026-06-10T17:01:56.304754,898.1,0.5,0.5,2026-06-10T17:11:42.069928,888.3,0.0,0.0,1.0,,,30-60%,,0,0,,,0
polymarket,0xb5ea6b9d5cb5c1ad26861a4059268590bafb4a4f370bc845615fddc23559d569,Julia Konishi Camargo Silva,ITF Cuiaba: Julia Konishi Camargo Silva vs Noelia Zeballos,julia konishi camargo silva|noelia zeballos,2026-06-11T19:00:00,completed,flat,0,25,137.6,0.0,2026-06-11T16:40:10.080527,139.8,0.5,0.5,2026-06-11T16:45:52.080821,134.1,-0.5,0.0,1.0,,,30-60%,,0,0,,,0
polymarket,0xb666a3a43f0a1c84040103076de7108082c11b1ec977123250954b08280bb11f,Adhithya Ganesan,ITF Kayseri: Adhithya Ganesan vs Kerem Yilmaz,adhithya ganesan|kerem yilmaz,2026-06-11T07:00:00,completed,insufficient_history,0,0,,,,,,,,,,,,,,,,0,0,,,0
polymarket,0xb84ec6d5e511f9a2e4825351a4f361d40e825e645b2b10f53b599455a6b66e44,Ivan Biletic,ITF kiseljak: Ivan Biletic vs Duje Ajdukovic,duje ajdukovic|ivan biletic,2026-06-11T11:00:00,completed,insufficient_history,0,0,,,,,,,,,,,,,,,,0,0,,,0
polymarket,0xb8c91c49369534913bd94c08c81d1223e862a31f67cb5a6ff2e9e1df523a2ca5,Alexandra Vagramov,ITF Los Angeles: Alexandra Vagramov vs Ingrid Carolina Millan Acosta,alexandra vagramov|ingrid carolina millan acosta,2026-06-11T18:00:00,completed,flat,0,16,77.0,0.0,2026-06-11T16:40:10.080527,79.8,0.79,0.79,2026-06-11T16:45:52.080821,74.1,0.0,0.0,0.02,136.59176,,60%+,,0,0,,,0
polymarket,0xbca0e3f9912459e15d2cf3a23c8ca3739b7c506d46edfd8d497b6108f2f09173,Pavle Marinkov,ITF Wichita: Pavle Marinkov vs Duncan Chan,duncan chan|pavle marinkov,2026-06-11T15:00:00,completed,insufficient_history,0,0,,,,,,,,,,,,,,,,0,0,,,0
polymarket,0xbd308c2d2992315c9a4b68b1f2e41db818e8562f4accb06b2d5179ff9676098d,Abigayel Vosloo,ITF Gaborone: Abigayel Vosloo vs Leilany Ipunesso,abigayel vosloo|leilany ipunesso,2026-05-20T08:00:00,completed,insufficient_history,0,0,,,,,,,,,,,,,,,,0,0,,,0
polymarket,0xbe3d871f8936dd2a07016e9e6aa8cba7d9d9bdbb1217718188acc53e3a676e27,Nadia Podoroska,ITF San Gregorio: Nadia Podoroska vs Tahlia Kokkinis,nadia podoroska|tahlia kokkinis,2026-06-11T12:00:00,completed,insufficient_history,0,0,,,,,,,,,,,,,,,,0,0,,,1
polymarket,0xbe757562a71fd59203c89f6de709c0a79f78616aa5557e0f22cb23143a3d60c1,Noah Zamora,ITF Los Angeles: Noah Zamora vs Spencer Johnson,noah zamora|spencer johnson,2026-06-11T20:00:00,completed,flat,0,37,199.1,0.0,2026-06-11T16:40:10.080527,199.8,0.36,0.36,2026-06-11T16:45:52.080821,194.1,0.0,0.0,0.02,,,30-60%,,0,0,,,0
polymarket,0xbf3c70a70eef9970df26b77d1382cc041a3b221b0fc15a24cecc157c79259c9e,Violeta Martinez,ITF Decatur: Violeta Martinez vs Malaika Rapolu,malaika rapolu|violeta martinez,2026-06-11T19:15:00,completed,flat,0,28,153.5,0.0,2026-06-11T16:40:10.080527,154.8,0.17,0.17,2026-06-11T16:45:52.080821,149.1,0.0,0.0,0.02,147.73,,12-30%,31.0,12,0,,,0
polymarket,0xc01241c566425ed61217be972fce00dec88d313bb9bbd5519f7f4ea0500a6a9a,Pablo Martinez Gomez,ITF Martos: Pablo Martinez Gomez vs Mustapha El Natour,mustapha el natour|pablo martinez gomez,2026-06-11T15:00:00,completed,insufficient_history,0,0,,,,,,,,,,,,,,,,0,0,,,0
polymarket,0xc19058f1e955dcb4f876b465312787ad72875cef8cb3b8fc2b02ee4883b08e78,Maria Garcia Cid,ITF Casablanca: Maria Garcia Cid vs Aran Teixido Garcia,aran teixido garcia|maria garcia cid,2026-06-12T12:00:00,completed,insufficient_history,0,0,,,,,,,,,,,,,,,,0,0,,,0
polymarket,0xc208208756fd16356044fd64c4056d8ceaf43315f03b919ff1ac90e19cc27e15,Denisa Zoldakova,ITF Ceska Lipa: Denisa Zoldakova vs Raluca Georgiana Serban,denisa zoldakova|raluca georgiana serban,2026-06-11T11:00:00,completed,insufficient_history,0,0,,,,,,,,,,,,,,,,0,0,,,0
polymarket,0xc6fe0806fdbd809bb194040d72c91dd7f9721a4543953d76cdf18c089541a2a7,Grevelius/Heinonen,Cattolica (Doubles): Grevelius/Heinonen vs Jong/Hermans,grevelius heinonen|jong hermans,2026-06-12T12:30:00,completed,insufficient_history,0,1,0.0,,,,,,,,,,,,,,,0,0,,,0
polymarket,0xc8b3cde76d21b6dea1df7a8bb414813bab8a292096619701e3787cc8f50009e0,Varvara Panshina,ITF Wuning: Varvara Panshina vs Sara Saito,sara saito|varvara panshina,2026-06-12T04:15:00,completed,flat,0,18,84.9,0.0,2026-06-11T19:03:14.091888,551.8,0.48,0.48,2026-06-11T19:08:31.126437,546.5,0.0,0.0,0.02,4.0,,30-60%,,0,0,,,0
polymarket,0xca922a36618593c310950faf58ca22d2816ccfe773ff9beb7e3ec2ebe1e7c7dc,Antonia Rivera,ITF Cuiaba: Antonia Rivera vs Maria Camila Torres Murcia,antonia rivera|maria camila torres murcia,2026-06-11T14:00:00,completed,flat,0,14,56.8,0.0,2026-06-10T17:01:56.304754,1258.1,0.88,0.88,2026-06-10T17:11:42.069928,1248.3,0.0,0.0,0.02,158.975627,,60%+,,0,0,,,0
polymarket,0xcd726b609263c41792ee1fbc211014381ef85ecba83d394b02dd5249f7a940e7,Swan/Vidmanova,Ilkley (Doubles): Swan/Vidmanova vs Brooks/Rajecki,brooks rajecki|swan vidmanova,2026-06-11T17:30:26,completed,insufficient_history,0,0,,,,,,,,,,,,,,,,0,0,,,0
polymarket,0xcfdf3327626b313d4537d5d3f90a0fdd910d7764e0821d2b8e64ac085375c7cc,Holmgren/Prashanth,Ilkley (Doubles): Holmgren/Prashanth vs Reynolds/Watt,holmgren prashanth|reynolds watt,2026-06-11T13:00:00,completed,insufficient_history,0,0,,,,,,,,,,,,,,,,0,0,,,0
polymarket,0xd0d7f5c20eace3a720e8b6a28a5d998baaf85f040e73386c3bc8f5f0ba88b182,Collarini/Kicker,Tucuman (Doubles): Collarini/Kicker vs Aguilar/Fuente,aguilar fuente|collarini kicker,2026-06-11T20:00:00,completed,flat,0,37,199.1,0.0,2026-06-11T16:40:10.080527,199.8,0.5,0.5,2026-06-11T16:45:52.080821,194.1,0.0,0.0,1.0,,,30-60%,,0,0,,,0
polymarket,0xd213e29ce351e47eeaff9bd5f0d823733fb1fa4f53bc1934612b42f7c092460e,Stevenson/Willis,Ilkley (Doubles): Stevenson/Willis vs Holmgren/Prashanth,holmgren prashanth|stevenson willis,2026-06-12T13:00:00,completed,insufficient_history,0,4,33.9,,,,,,,,,,,,,,,0,0,,,0
polymarket,0xd2aaa29c7bdce63350efed3665471ff92c5183df615a4f4f1c460872d14f097d,Tamila Gadamauri,ITF Merzig: Tamila Gadamauri vs Luisa Meyer Auf Der Heide,luisa meyer auf der heide|tamila gadamauri,2026-06-12T11:00:00,completed,insufficient_history,0,0,,,,,,,,,,,,,,,,0,0,,,0
polymarket,0xd3286fd6985b9b3eafeffabc6a5eeab4ee24ac66ff3069648cbff5b5cc7d15da,John Sperle,ITF Nyiregyhaza: John Sperle vs Nikita Bilozertsev,john sperle|nikita bilozertsev,2026-06-12T10:00:00,completed,insufficient_history,0,0,,,,,,,,,,,,,,,,0,0,,,0
polymarket,0xd41b006c79a30bbe4224538cfd1bd29036effd17284065e8b6eb43d4e047187a,Enzo Kohlmann de Freitas,ITF Brasilia: Enzo Kohlmann de Freitas vs Pedro Rodrigues,enzo kohlmann de freitas|pedro rodrigues,2026-06-11T13:15:00,completed,insufficient_history,0,0,,,,,,,,,,,,,,,,0,0,,,0
polymarket,0xd452ad4c10a87c5e9b920dc25df1219090a47185c04e0ad967814e59aa7153b9,Bhosale/Cascino,Modena (Doubles): Bhosale/Cascino vs Cavalle-Reimers/Salden,bhosale cascino|cavalle reimers salden,2026-06-10T08:00:00,completed,insufficient_history,0,0,,,,,,,,,,,,,,,,0,0,,,0
polymarket,0xd5dae6955d37a986f749f191be005597a3cea3d70e2f75b4487e384079e13e41,Matias Ponce De Leon Gomila,ITF kiseljak: Matias Ponce De Leon Gomila vs Kirill Kivattsev,kirill kivattsev|matias ponce de leon gomila,2026-06-11T08:00:00,completed,insufficient_history,0,0,,,,,,,,,,,,,,,,0,0,,,0
polymarket,0xd8fc3d5dc1dfb204da7dfd6dc8db00f357e00be2edbe90c39770a75c1efa3836,Alexander Shevchenko,Bratislava: Alexander Shevchenko vs Maxim Mrva,alexander shevchenko|maxim mrva,2026-06-12T10:00:00,completed,flat,0,19,90.4,0.0,2026-06-11T18:57:45.932643,902.2,0.6,0.6,2026-06-11T19:03:14.091888,896.8,-0.5,0.0,0.12,3.0,,60%+,,0,0,,,0
polymarket,0xdc59ff1c4e2636d82b1da08d54673242cb9cdb007205ecdb6bb5db2ddb97709b,Gorgodze/Karamoko,Modena (Doubles): Gorgodze/Karamoko vs Basiletti/Pedone,basiletti pedone|gorgodze karamoko,2026-06-10T08:00:00,completed,insufficient_history,0,0,,,,,,,,,,,,,,,,0,0,,,0
polymarket,0xdc8174a3feee432f033280a7bc3d16f2929e8c3d3a8153f0d92aea45b662f68e,Eduardo Ribeiro,Tucuman: Eduardo Ribeiro vs Johan Alexander Rodriguez,eduardo ribeiro|johan alexander rodriguez,2026-06-11T15:30:00,completed,insufficient_history,0,0,,,,,,,,,,,,,,,,0,0,,,0
polymarket,0xde5f671c9014bee0bd48ccc0d45d23088b3f957f402411815f21b293e0863a90,Martina Capurro Taborda,ITF Cuiaba: Martina Capurro Taborda vs Rebeca Pereira,martina capurro taborda|rebeca pereira,2026-06-11T19:00:00,completed,flat,0,25,137.6,0.0,2026-06-11T16:40:10.080527,139.8,0.95,0.95,2026-06-11T16:45:52.080821,134.1,0.0,0.0,0.02,68.666665,,60%+,,0,0,,,0
polymarket,0xdf03415821c6c42381bd296a896d8fed02bec37d01b7cc27f5b7f055455f195c,Filip Peliwo,ITF Vaasa: Filip Peliwo vs Matt Ponchet,filip peliwo|matt ponchet,2026-06-12T10:00:00,completed,insufficient_history,0,0,,,,,,,,,,,,,,,,0,0,,,0
polymarket,0xe08e47bc193c39f5d9042bfbc2d2cf32e865fe80abbd927ff74acb2a029d34af,William Manning,ITF Wichita: William Manning vs Enzo Aguiard,enzo aguiard|william manning,2026-06-11T17:00:00,completed,insufficient_history,0,4,17.0,,,,,,,,,,,,,,,0,0,,,0
polymarket,0xe2df2c04e8272c1c6f0c85b2c282fb3590b6731c6c0003468df092dac8000780,Kayo Nishimura,ITF Tokyo: Kayo Nishimura vs Mao Mushika,kayo nishimura|mao mushika,2026-06-12T02:00:00,completed,flat,0,18,84.9,0.0,2026-06-11T19:03:14.091888,416.8,0.5,0.5,2026-06-11T19:08:31.126437,411.5,0.0,0.0,0.02,,,30-60%,,0,0,,,0
polymarket,0xeafdd80580a78e00edfbf6591141a1634015abbfea8fd4396f479f39d9eabc89,Eri Shimizu,ITF Tokyo: Eri Shimizu vs Mayuka Aikawa,eri shimizu|mayuka aikawa,2026-06-12T02:00:00,completed,flat,0,19,90.4,0.0,2026-06-11T18:57:45.932643,422.2,0.73,0.73,2026-06-11T19:03:14.091888,416.8,0.0,0.0,0.02,,,60%+,,0,0,,,0
polymarket,0xeb1a657709081a086c839da88c83654f56582a031335fa5e886f4ad1c18f8af3,Ambrogi/Zeitune,Tucuman (Doubles): Ambrogi/Zeitune vs Monzon/Villalon,ambrogi zeitune|monzon villalon,2026-06-11T13:00:00,completed,insufficient_history,0,0,,,,,,,,,,,,,,,,0,0,,,0
polymarket,0xecf059eec2605b206718e7d9d5faee9c654d5bc9fddf6a8195b728c7a51a7972,Georgii Kravchenko,ITF Ceska Lipa: Georgii Kravchenko vs Rudolf Molleker,georgii kravchenko|rudolf molleker,2026-06-12T09:00:00,completed,insufficient_history,0,0,,,,,,,,,,,,,,,,0,0,,,0
polymarket,0xf38c6f4835cb577a86c4f86fa4e4330d2aa03093f34796b494fd132a71d42032,Isaro/Poonacha,Lyon (Doubles): Isaro/Poonacha vs Balshaw/Martineau,balshaw martineau|isaro poonacha,2026-06-11T15:00:00,completed,insufficient_history,0,0,,,,,,,,,,,,,,,,0,0,,,0
polymarket,0xf990767f8a44070ecfa2a9fa04881e2388b9c173663a04178af14053330be520,Elena Korokozidi,ITF San Gregorio: Elena Korokozidi vs Lucciana Perez Alarcon,elena korokozidi|lucciana perez alarcon,2026-06-12T12:00:00,completed,insufficient_history,0,0,,,,,,,,,,,,,,,,0,0,,,0
polymarket,0xfa0651fb3f693dec9d544535fe6302484d030cb8f1057a693fd3929cb3c03803,Yunchaokete Bu,Ilkley: Yunchaokete Bu vs Leandro Riedi,leandro riedi|yunchaokete bu,2026-06-11T18:00:00,completed,flat,0,15,77.0,0.0,2026-06-11T16:40:10.080527,79.8,0.485,0.485,2026-06-11T16:45:52.080821,74.1,0.0,0.0,0.01,11004.892377000002,,30-60%,,0,0,,,0
polymarket,0xfb926db213a13e0d5db35d19531639ec3fcdf6788f3a6eae68d026a2ba86ba54,Alan Fernando Rubio Fierros,ITF Curtea de Arges: Alan Fernando Rubio Fierros vs Fadi Bidan,alan fernando rubio fierros|fadi bidan,2026-06-12T08:00:00,completed,insufficient_history,0,0,,,,,,,,,,,,,,,,0,0,,,0
polymarket,0x9771c4ea3df2d64af806e48e98632c9db47c870ffc45556d5df159a93c170408,Zsombor Piros,Bratislava: Zsombor Piros vs Taro Daniel,taro daniel|zsombor piros,2026-06-12T14:00:00,upcoming,wave_5pp,0,28,1129.2,32.5,2026-06-11T19:44:54.969970,1095.1,0.34,0.665,2026-06-12T12:20:50.789996,99.2,32.5,0.0,0.64,4.0,-16.0,30-60%,40.0,8,0,,,0
polymarket,0x407dbb0dea2d6d800c0227f0b4d16ece966fcc537a279a2ef2bc53691e128034,Daria Snigur,Libema Open: Daria Snigur vs Robin Montgomery,daria snigur|robin montgomery,2026-06-12T14:25:00,upcoming,wave_5pp,0,28,1129.2,29.5,2026-06-11T19:13:40.460781,1151.3,0.27,0.565,2026-06-11T20:04:04.005983,1100.9,28.5,0.0,0.4,17.978738999999997,,12-30%,55.0,12,0,,,0
polymarket,0x0a8460dd49a16c33b07877c7d8465890f0066322e20148000fdca7b4bcea171f,Filippo Romano,Ilkley: Filippo Romano vs Jack Pinnington Jones,filippo romano|jack pinnington jones,2026-06-12T17:30:00,upcoming,wave_5pp,0,67,2685.1,23.5,2026-06-10T17:11:42.069928,2898.3,0.46,0.695,2026-06-10T17:17:08.771367,2892.9,-15.5,0.0,0.1,,,30-60%,20.0,1,0,,,0
polymarket,0x27bc6c83dbc494f1f2970b77c5249e5de239606302771f321d4e39237c952940,Felix Auger-Aliassime,Libema Open: Felix Auger-Aliassime vs Kamil Majchrzak,felix auger aliassime|kamil majchrzak,2026-06-12T14:30:00,upcoming,wave_5pp,0,28,1129.2,23.5,2026-06-11T18:57:45.932643,1172.2,0.5,0.735,2026-06-12T12:34:22.615228,115.6,23.5,0.0,1.0,,,30-60%,43.0,10,0,,,0
polymarket,0xecf1e1a565ac1d5093b92fe898c34ea5c3ccdc802da331749c20ecca4c5c1425,Keegan Smith,Ilkley: Keegan Smith vs Jacob Fearnley,jacob fearnley|keegan smith,2026-06-12T14:40:00,upcoming,wave_5pp,0,52,1266.8,22.0,2026-06-11T19:44:54.969970,1135.1,0.145,0.365,2026-06-12T12:20:50.789996,139.2,20.5,0.0,0.01,9795.009806000002,-8.5,12-30%,63.0,29,0,,,0
polymarket,0x95c9f91316914b2947c8b4503452c2d667ed6d08205cebcd2ff27c6a5e316556,Dane Sweeny,Ilkley: Dane Sweeny vs Billy Harris,billy harris|dane sweeny,2026-06-12T14:30:00,upcoming,wave_5pp,0,67,2685.1,14.0,2026-06-11T19:44:54.969970,1125.1,0.23,0.37,2026-06-12T12:20:50.789996,129.2,8.5,0.0,0.02,9205.997767999997,-7.0,12-30%,55.0,23,0,,,0
polymarket,0x135eb19864569f542827634499f22279f48517ea57e5b796ba48bcdfe69b7469,Bollipalli/Hilderbrand,Ilkley (Doubles): Bollipalli/Hilderbrand vs Escobar/Kittay,bollipalli hilderbrand|escobar kittay,2026-06-12T14:30:00,upcoming,wave_5pp,0,9,86.2,8.0,2026-06-12T12:46:59.439603,103.0,0.51,0.59,2026-06-12T13:36:15.807435,53.7,8.0,0.0,0.36,,,30-60%,28.0,2,0,,,0
polymarket,0x6628d987edf3c651cc4b66ad8da049715783125ab1a98d293a9889952c859e9a,Fruhvirtova/Korneeva,Ilkley (Doubles): Fruhvirtova/Korneeva vs Christie/Silva,christie silva|fruhvirtova korneeva,2026-06-12T16:00:00,upcoming,wave_5pp,0,9,86.2,8.0,2026-06-12T12:20:50.789996,219.2,0.42,0.5,2026-06-12T12:54:43.051265,185.3,7.5,0.0,0.3,,,30-60%,25.0,3,0,,,0
polymarket,0xd2e4b31d6f7d590153da790b07483fed3597eb42abc25d77e501ae3e90b80940,Brooks/Rajecki,Ilkley (Doubles): Brooks/Rajecki vs Harrison/Osborne,brooks rajecki|harrison osborne,2026-06-12T16:00:00,upcoming,wave_5pp,0,9,86.2,7.5,2026-06-12T13:12:13.982408,167.8,0.49,0.565,2026-06-12T13:36:15.807435,143.7,7.5,0.0,0.32,,,30-60%,35.0,2,0,,,0
polymarket,0x128be590caa4824f59fa4c020b2b614b03f50c1f2ef4d9ebaff2cefb1e0f89de,Kaitlin Quevedo,Modena: Kaitlin Quevedo vs Laura Samson,kaitlin quevedo|laura samson,2026-06-12T18:30:00,upcoming,wave_5pp,0,67,2685.1,7.0,2026-06-10T17:35:04.113384,2934.9,0.435,0.505,2026-06-11T16:40:10.080527,1549.8,6.0,0.0,0.13,,-6.5,30-60%,33.0,5,0,,,0
polymarket,0x29bdc0a2176735d05a5684173cc7d7614608661a1a18f9999f45668bd042874a,Emile Hudd,ITF Martos: Emile Hudd vs Joao Domingues,emile hudd|joao domingues,2026-06-12T15:00:00,upcoming,small_move,0,9,86.2,2.5,2026-06-12T12:20:50.789996,159.2,0.55,0.575,2026-06-12T13:28:20.292820,91.7,2.5,0.0,0.02,16.621738,,30-60%,38.0,4,0,,,0
polymarket,0x8774604a03a03392287af47ccb6e9b1926f974065bac0d95089e451e6a82f768,Raul Brancaccio,Cattolica: Raul Brancaccio vs Roberto Carballes Baena,raul brancaccio|roberto carballes baena,2026-06-12T14:00:00,upcoming,small_move,0,67,2685.1,2.5,2026-06-11T17:35:24.233284,1224.6,0.31,0.335,2026-06-12T12:20:50.789996,99.2,2.5,0.0,0.04,227.775029,-3.5,30-60%,41.0,7,0,,,0
polymarket,0x4b69aae7a60f9da230c9690c908de1f3b93219bc982b7ac651d5a37af303939c,Cavalle-Reimers/Salden,Modena (Doubles): Cavalle-Reimers/Salden vs Cho/Cho,cavalle reimers salden|cho cho,2026-06-12T16:00:00,upcoming,small_move,0,9,86.2,2.0,2026-06-12T12:20:50.789996,219.2,0.45,0.47,2026-06-12T13:47:00.450551,133.0,2.0,0.0,0.34,,,30-60%,32.0,2,0,,,0
polymarket,0xe2215da45fe8c72a7382843dfd1d17859d6d7d7e9f6e344ec189fc519d91d5fd,Jiri Lehecka,Stuttgart Open: Jiri Lehecka vs Frances Tiafoe,frances tiafoe|jiri lehecka,2026-06-12T15:20:00,upcoming,small_move,0,27,1123.8,2.0,2026-06-11T19:44:54.969970,1175.1,0.54,0.56,2026-06-11T19:54:32.749213,1165.5,-0.5,0.0,0.06,32.0,-2.5,30-60%,38.0,10,0,,,0
polymarket,0x525ad332c6d8d5b3333c329fd69d8da756729ebfa4ce38b0652bf06e38d63d7e,Harmony Tan,Ilkley: Harmony Tan vs Lanlana Tararudee,harmony tan|lanlana tararudee,2026-06-12T14:40:00,upcoming,small_move,0,53,1266.8,1.5,2026-06-11T19:49:44.119872,1130.3,0.455,0.47,2026-06-11T20:28:08.262637,1091.9,-1.0,0.0,0.01,2291.0901919999997,-1.0,30-60%,32.0,9,0,,,0
polymarket,0xb9f2f783acd2a21a0a388098ce5445f2c647ad21c5c41bb3bd5647e4e20ef0d0,Ozan Baris,ITF Wichita: Ozan Baris vs Duncan Chan,duncan chan|ozan baris,2026-06-12T17:00:00,upcoming,small_move,0,9,86.2,1.5,2026-06-12T12:20:50.789996,279.2,0.42,0.435,2026-06-12T12:46:59.439603,253.0,1.0,0.0,0.02,6.976743,,30-60%,31.0,4,0,,,0
polymarket,0xcdc1611c9dab4c0106b4777adf99f3d89bd20fdfb52b7a80953dbac0a10775c1,Francesco Forti,Cattolica: Francesco Forti vs Andrea Guerrieri,andrea guerrieri|francesco forti,2026-06-12T16:00:00,upcoming,small_move,0,52,1266.8,1.5,2026-06-11T16:40:10.080527,1399.8,0.395,0.41,2026-06-11T16:57:09.548756,1382.8,-1.0,0.0,0.03,346.235988,,30-60%,27.0,7,0,,,0
polymarket,0xf485f0d777a59b15e0bee98fdaccd87dc1c213eb4791993ebfbc0935a234a8b6,Nicolas Kicker,Tucuman: Nicolas Kicker vs Federico Coria,federico coria|nicolas kicker,2026-06-12T16:30:00,upcoming,small_move,0,9,86.2,1.5,2026-06-12T12:20:50.789996,249.2,0.61,0.625,2026-06-12T13:36:15.807435,173.7,1.5,0.0,0.02,1230.434361,,60%+,41.0,1,0,,,0
polymarket,0xf7d413ebe4abbbcd1d860a217d5ad2a0387b9dbe7a75b26366016394780ca2e0,Iva Jovic,HSBC Championships: Iva Jovic vs Amanda Anisimova,amanda anisimova|iva jovic,2026-06-12T14:10:00,upcoming,small_move,0,67,2685.1,1.5,2026-06-10T17:27:15.522952,2682.7,0.45,0.465,2026-06-10T17:35:04.113384,2674.9,-3.0,0.0,0.08,,-4.5,30-60%,25.0,7,0,,,0
polymarket,0x14a67ab42b1f87d06c6fe167ecd049ee53db64d8b81bbbb49925d7c1163cb70c,Juan Sebastian Osorio,ITF Brasilia: Juan Sebastian Osorio vs Nicolas Oliveira,juan sebastian osorio|nicolas oliveira,2026-06-12T15:00:00,upcoming,small_move,0,9,86.2,1.0,2026-06-12T12:20:50.789996,159.2,0.32,0.33,2026-06-12T12:34:22.615228,145.6,1.0,0.0,0.02,60.333332,,30-60%,,0,0,,,0
polymarket,0x299344d5e51d13b9ccd44590711bc9c572c7079d39ed92d0b2451b1c564c2e4f,Celine Naef,Ilkley: Celine Naef vs Akasha Urhobo,akasha urhobo|celine naef,2026-06-12T14:50:00,upcoming,flat,0,67,2685.1,1.0,2026-06-10T17:11:42.069928,2738.3,0.685,0.695,2026-06-10T17:35:04.113384,2714.9,-0.5,0.0,0.01,2825.8757989999995,,60%+,27.0,6,0,,,0
polymarket,0x72a3389f7e62ea1874f929c2ab253449d20f89d8283f078f374a8f69f064d479,Huergo/Radisic,Modena (Doubles): Huergo/Radisic vs Gorgodze/Karamoko,gorgodze karamoko|huergo radisic,2026-06-12T14:30:00,upcoming,small_move,0,9,86.2,1.0,2026-06-12T12:46:59.439603,103.0,0.565,0.575,2026-06-12T12:54:43.051265,95.3,1.0,0.0,0.07,,,30-60%,25.0,2,0,,,0
polymarket,0x9c9864f1d2cd9fa88472d292daec362e50761c0720779005f54f18703920873b,Ana Grubor,ITF Decatur: Ana Grubor vs Lea Ma,ana grubor|lea ma,2026-06-12T18:15:00,upcoming,flat,0,9,86.2,1.0,2026-06-12T12:20:50.789996,354.2,0.08,0.09,2026-06-12T12:34:22.615228,340.6,1.0,0.0,0.02,14.790425,,2-12%,41.0,9,0,,,0
polymarket,0xeb3801e86480371d0b97ccba0420d628e82159a9a449d3d1a17946d055e3f7f7,Gabriele Piraino,ITF Messina: Gabriele Piraino vs Marcel Zielinski,gabriele piraino|marcel zielinski,2026-06-12T14:00:00,upcoming,small_move,0,9,86.2,1.0,2026-06-12T12:20:50.789996,99.2,0.69,0.7,2026-06-12T13:36:15.807435,23.7,1.0,0.0,0.02,10.93214,,60%+,34.0,2,0,,,0
polymarket,0x05f0330e5d0fb3a0b8767f4dc7ae6724c18e85a8a54de32ede4f938006d29232,Andrew Johnson,ITF Los Angeles: Andrew Johnson vs Benjamin O'connell,andrew johnson|benjamin o connell,2026-06-12T18:00:00,upcoming,flat,0,9,86.2,0.5,2026-06-12T12:20:50.789996,339.2,0.8,0.805,2026-06-12T13:12:13.982408,287.8,-0.5,0.0,0.02,14.545677999999999,,60%+,29.0,2,0,,,0
polymarket,0x110195e2e6db412f07077ce5327a50512b2a5ee3441faaede367785ffa836c4a,Maxence Rivet,ITF Messina: Maxence Rivet vs Fausto Tabacco,fausto tabacco|maxence rivet,2026-06-12T15:30:00,upcoming,flat,0,9,86.2,0.5,2026-06-12T12:20:50.789996,189.2,0.16,0.165,2026-06-12T13:36:15.807435,113.7,0.5,0.0,0.02,184.800141,,12-30%,48.0,9,0,,,0
polymarket,0x223bf2fa7b538bfe827f986db966230b3294297e8b9157955eb958551694108d,Alberto Barroso Campos,ITF Martos: Alberto Barroso Campos vs Pablo Perez Ramos,alberto barroso campos|pablo perez ramos,2026-06-12T14:00:00,upcoming,flat,0,9,86.2,0.5,2026-06-12T12:46:59.439603,73.0,0.59,0.595,2026-06-12T12:54:43.051265,65.3,0.0,0.0,0.02,7.142856,,30-60%,29.0,1,0,,,0
polymarket,0x31bbc1f68c23c4eb3852ebe6bdcfee6a754c755f033501e6f8e04f2a8328d43b,Martina Capurro Taborda,ITF Cuiaba: Martina Capurro Taborda vs Gabriella Price,gabriella price|martina capurro taborda,2026-06-12T19:00:00,upcoming,flat,0,9,86.2,0.5,2026-06-12T12:20:50.789996,399.2,0.81,0.815,2026-06-12T12:54:43.051265,365.3,0.0,0.0,0.02,160.45337899999998,,60%+,35.0,2,0,,,0
polymarket,0x4884862d040c43c14bb003f089e4d0fc9017c81543b53592a5df34fd3dd54893,Kaylan Bigun,ITF Los Angeles: Kaylan Bigun vs Gus Grumet,gus grumet|kaylan bigun,2026-06-12T18:00:00,upcoming,flat,0,9,86.2,0.5,2026-06-12T12:20:50.789996,339.2,0.84,0.845,2026-06-12T13:36:15.807435,263.7,0.5,0.0,0.02,,,60%+,23.0,1,0,,,0
polymarket,0x612b93cdcddc3dd2a0b84cb61502ccdbd8e246050b85ccd90ebc1ee6da740b6c,Luiza Fullana,ITF Cuiaba: Luiza Fullana vs Carolina Alves,carolina alves|luiza fullana,2026-06-12T20:00:00,upcoming,flat,0,9,86.2,0.5,2026-06-12T12:20:50.789996,459.2,0.34,0.345,2026-06-12T13:20:20.860012,399.7,0.5,0.0,0.02,220.450391,,30-60%,32.0,1,0,,,0
polymarket,0x6641838ae1d4a428f75c7902a93d16e8dcbb0a39fabcd73f1e7777d782d77597,Pablo Martinez Gomez,ITF Martos: Pablo Martinez Gomez vs John Echeverria,john echeverria|pablo martinez gomez,2026-06-12T14:00:00,upcoming,flat,0,9,86.2,0.5,2026-06-12T12:20:50.789996,99.2,0.27,0.275,2026-06-12T12:46:59.439603,73.0,0.0,0.0,0.02,47.00615200000001,,12-30%,58.0,9,0,,,0
polymarket,0xabcd3909224afac5b7d6eba71cc6275f1ce65280888e994cf769be0a94258c89,Sebastian Gorzny,ITF Wichita: Sebastian Gorzny vs Kenta Miyoshi,kenta miyoshi|sebastian gorzny,2026-06-12T17:00:00,upcoming,flat,0,9,86.2,0.5,2026-06-12T12:20:50.789996,279.2,0.42,0.425,2026-06-12T12:46:59.439603,253.0,0.0,0.0,0.02,6.886955,,30-60%,,0,0,,,0
polymarket,0xebb525d908bdfc4be22c2f74e6c94460818b49e6129f272b0384a531e849daf9,Spencer Johnson,ITF Los Angeles: Spencer Johnson vs Nathan Trouve,nathan trouve|spencer johnson,2026-06-12T18:00:00,upcoming,flat,0,9,86.2,0.5,2026-06-12T12:46:59.439603,313.0,0.695,0.7,2026-06-12T12:54:43.051265,305.3,0.5,0.0,0.03,16.799917999999998,,60%+,32.0,2,0,,,0
polymarket,0x054fb450324fd4bce5fea29875a3697652d4af1d242cf2e94500921e962a2c9c,Nuria Brancaccio,Modena: Nuria Brancaccio vs Lucia Bronzetti,lucia bronzetti|nuria brancaccio,2026-06-12T16:00:00,upcoming,flat,0,9,86.2,0.0,2026-06-12T12:20:50.789996,219.2,0.415,0.415,2026-06-12T12:34:22.615228,205.6,-1.0,0.0,0.01,59.446656,,30-60%,20.0,1,0,,,0
polymarket,0x0d7247aef3365a26332e0172678d75a4cecf32a5f0222522296870d717b19898,Guido Justo,Tucuman: Guido Justo vs Thiago Cigarran,guido justo|thiago cigarran,2026-06-12T16:30:00,upcoming,flat,0,9,86.2,0.0,2026-06-12T12:20:50.789996,249.2,0.865,0.865,2026-06-12T12:34:22.615228,235.6,0.0,0.0,0.01,1755.477192,,60%+,,0,0,,,0
polymarket,0x1144bfea333c8c0a6d9af22008e2f2abf469d7655754c38434d574686f341817,Pino/Dickerson,Tucuman (Doubles): Pino/Dickerson vs Monzon/Villalon,monzon villalon|pino dickerson,2026-06-12T18:00:00,upcoming,flat,0,9,86.2,0.0,2026-06-12T12:20:50.789996,339.2,0.765,0.765,2026-06-12T12:34:22.615228,325.6,-27.0,0.0,0.35,28.969509000000002,,60%+,,0,0,,,0
polymarket,0x3da37fb51b7f91acad58a5abc5f6aa0f9cdccd8e89549988e175919fec2a2382,Madison Brengle,ITF Decatur: Madison Brengle vs Malaika Rapolu,madison brengle|malaika rapolu,2026-06-12T16:00:00,upcoming,flat,0,9,86.2,0.0,2026-06-12T12:20:50.789996,219.2,0.71,0.71,2026-06-12T12:34:22.615228,205.6,-0.5,0.0,0.02,,,60%+,,0,0,,,0
polymarket,0x3f0737ea10cb32698ef96eaedd0c45fded43a106da723a86a231848ee0d795f8,Casanova/Taverna,Tucuman (Doubles): Casanova/Taverna vs Aguilar/Fuente,aguilar fuente|casanova taverna,2026-06-12T18:00:00,upcoming,flat,0,9,86.2,0.0,2026-06-12T12:20:50.789996,339.2,0.495,0.495,2026-06-12T12:34:22.615228,325.6,0.0,0.0,0.89,39.815303,,30-60%,,0,0,,,0
polymarket,0x44377c008af7e492d8a736501b675247a9884d43fa5320f2d86313978a9fe54e,Dan Added,ITF Martos: Dan Added vs Rafael Izquierdo Luque,dan added|rafael izquierdo luque,2026-06-12T15:00:00,upcoming,flat,0,9,86.2,0.0,2026-06-12T12:20:50.789996,159.2,0.65,0.65,2026-06-12T12:34:22.615228,145.6,-0.5,0.0,0.02,,,60%+,,0,0,,,0
polymarket,0x5d7f61ec765d5cf16676283b5bc0e490f01fe32000fb10d1a72123a2197bbbc0,Matheus Pucinelli de Almeida,Tucuman: Matheus Pucinelli de Almeida vs Johan Alexander Rodriguez,johan alexander rodriguez|matheus pucinelli de almeida,2026-06-12T15:00:00,upcoming,flat,0,9,86.2,0.0,2026-06-12T12:34:22.615228,145.6,0.815,0.815,2026-06-12T12:46:59.439603,133.0,0.0,0.0,0.01,10056.122805999998,,60%+,,0,0,,,0
polymarket,0x5e052a5720a5fcab5543485d8288994b2d30b20def42a9aa8d3c7f9bc473950e,Noelia Zeballos,ITF Cuiaba: Noelia Zeballos vs Mell Elizabeth Reasco Gonzalez,mell elizabeth reasco gonzalez|noelia zeballos,2026-06-12T19:00:00,upcoming,flat,0,9,86.2,0.0,2026-06-12T12:20:50.789996,399.2,0.27,0.27,2026-06-12T12:34:22.615228,385.6,0.0,0.0,0.02,57.7027,,12-30%,18.0,9,0,,,0
polymarket,0x94e19691e72927b821153ac00529385b4073d62c838ead6ccbdf711e77037826,Felix Balshaw,Lyon: Felix Balshaw vs Clement Tabur,clement tabur|felix balshaw,2026-06-12T15:45:00,upcoming,flat,0,9,86.2,0.0,2026-06-12T12:20:50.789996,204.2,0.405,0.405,2026-06-12T12:34:22.615228,190.6,0.0,0.0,0.01,914.1586139999998,,30-60%,,0,0,,,0
polymarket,0x971f4a8854b5268827b8a371168b47a9fd98593ece8dcec5dc867f4ad820dcdd,Andrew Fenty,ITF Wichita: Andrew Fenty vs Lucas Marionneau,andrew fenty|lucas marionneau,2026-06-12T15:00:00,upcoming,flat,0,9,86.2,0.0,2026-06-12T12:20:50.789996,159.2,0.58,0.58,2026-06-12T12:34:22.615228,145.6,0.0,0.0,0.02,,,30-60%,,0,0,,,0
polymarket,0x97fdeb48d4e0d8c0ccbebd5e26a30538ae06819f9ad359909bbe5d49bcbead11,Alexandra Vagramov,ITF Los Angeles: Alexandra Vagramov vs Veronica Miroshnichenko,alexandra vagramov|veronica miroshnichenko,2026-06-12T18:00:00,upcoming,flat,0,9,86.2,0.0,2026-06-12T12:20:50.789996,339.2,0.42,0.42,2026-06-12T12:34:22.615228,325.6,0.0,0.0,0.02,,,30-60%,,0,0,,,0
polymarket,0x9a4203512398f0139d0fe54889e41c0420a4ca1b390c47a775c5fe8450b4bf80,Antonia Rivera,ITF Cuiaba: Antonia Rivera vs Maria Florencia Urrutia,antonia rivera|maria florencia urrutia,2026-06-12T19:00:00,upcoming,flat,0,9,86.2,0.0,2026-06-12T12:20:50.789996,399.2,0.57,0.57,2026-06-12T12:34:22.615228,385.6,0.0,0.0,0.02,111.78,,30-60%,,0,0,,,0
polymarket,0xb79fba5f07eab7773910a277b63ad9774662439fdbed76ed9ff41b61790d9f06,Pedro Rodrigues,ITF Brasilia: Pedro Rodrigues vs Alex Hernandez,alex hernandez|pedro rodrigues,2026-06-12T15:00:00,upcoming,flat,0,9,86.2,0.0,2026-06-12T12:20:50.789996,159.2,0.28,0.28,2026-06-12T12:34:22.615228,145.6,0.0,0.0,0.02,,,12-30%,21.0,9,0,,,0
polymarket,0xc14fe25ca845fce87330a9ab0bed9b4493aaca724e10590e9c2ae88ebc37ae55,Sahaja Yamalapalli,ITF Decatur: Sahaja Yamalapalli vs Ekaterina Khayrutdinova,ekaterina khayrutdinova|sahaja yamalapalli,2026-06-12T16:15:00,upcoming,flat,0,9,86.2,0.0,2026-06-12T12:20:50.789996,234.2,0.44,0.44,2026-06-12T12:34:22.615228,220.6,0.0,0.0,0.02,6.666665,,30-60%,,0,0,,,0
polymarket,0xc5e109cf309b164477af823d1291eecc69827ea8758f8ead0cee3154c1cb6112,Carlos Maria Zarate,Tucuman: Carlos Maria Zarate vs Luciano Emanuel Ambrogi,carlos maria zarate|luciano emanuel ambrogi,2026-06-12T15:00:00,upcoming,flat,0,9,86.2,0.0,2026-06-12T12:20:50.789996,159.2,0.395,0.395,2026-06-12T12:34:22.615228,145.6,-1.0,0.0,0.01,320.48263,,30-60%,,0,0,,,0
polymarket,0xc96c9f8bb495c24ef3da1253cd4ff758b42cfc213531370ae9dd1226564ec3da,Maria Aytoyan,ITF Los Angeles: Maria Aytoyan vs Monika Ekstrand,maria aytoyan|monika ekstrand,2026-06-12T18:00:00,upcoming,flat,0,9,86.2,0.0,2026-06-12T12:20:50.789996,339.2,0.26,0.26,2026-06-12T12:34:22.615228,325.6,0.0,0.0,0.02,,,12-30%,21.0,9,0,,,0
polymarket,0xd4f7ce98ab1d35e30fd47d1968e51524a961d4690e381c53746877af8a9412b9,Lily Taylor,ITF Los Angeles: Lily Taylor vs Kaitlyn Carnicella,kaitlyn carnicella|lily taylor,2026-06-12T18:00:00,upcoming,flat,0,9,86.2,0.0,2026-06-12T12:20:50.789996,339.2,0.42,0.42,2026-06-12T12:34:22.615228,325.6,0.0,0.0,0.02,175.428908,,30-60%,,0,0,,,0
polymarket,0xd8d150cea85f16acd285c16a124417a037f538302e77de7c87d102bf3f61f4fb,Oana Georgeta Simion,ITF Nice: Oana Georgeta Simion vs Jenny Lim,jenny lim|oana georgeta simion,2026-06-12T15:00:00,upcoming,flat,0,9,86.2,0.0,2026-06-12T12:20:50.789996,159.2,0.36,0.36,2026-06-12T12:34:22.615228,145.6,0.0,0.0,0.02,324.670607,,30-60%,,0,0,,,0
polymarket,0xead708d5e57c87f2b85016e719e8f9df49f3a2e4bbb965366542714d750d74ef,Tristan Schoolkate,Ilkley: Tristan Schoolkate vs Oliver Tarvet,oliver tarvet|tristan schoolkate,2026-06-12T16:00:00,upcoming,flat,0,52,1266.8,0.0,2026-06-11T16:40:10.080527,1399.8,0.555,0.555,2026-06-11T16:45:52.080821,1394.1,-2.5,0.0,0.01,1653.3666299999998,,30-60%,26.0,2,0,,,0
polymarket,0xf79e4a4d3fb179686ece74365b734f8ac513d855e1326471216b637063513d32,Zuzanna Pawlikowska,ITF Decatur: Zuzanna Pawlikowska vs Piper Charney,piper charney|zuzanna pawlikowska,2026-06-12T18:15:00,upcoming,flat,0,9,86.2,0.0,2026-06-12T12:20:50.789996,354.2,0.3,0.3,2026-06-12T12:34:22.615228,340.6,0.0,0.0,0.02,,,30-60%,18.0,9,0,,,0
